ASV,16S_1_Starch_B,16S_1_Starch_C,16S_1_Sucrose_A,16S_1_Sucrose_B,16S_1_Sucrose_C,16S_1_Cellulose_A,16S_1_Cellulose_B,16S_1_Cellulose_C,16S_1_Starch_A,16S_Control_A,16S_Control_B,16S_Control_C
ASV_16S_1,1467,1148,709,879,445,1289,1700,1367,861,1434,1839,1727
ASV_16S_2,22,63,131,33,59,19,67,42,327,0,0,0
ASV_16S_3,0,0,39,0,17,0,0,0,74,0,0,0
ASV_16S_4,0,0,201,91,153,0,0,0,0,0,0,0
ASV_16S_5,0,0,0,0,0,0,15,0,0,0,0,0
ASV_16S_6,500,326,261,273,178,411,536,344,267,390,476,582
ASV_16S_7,431,254,348,190,187,384,446,280,279,320,459,443
ASV_16S_8,374,237,75,92,37,326,423,283,232,350,380,411
ASV_16S_9,351,217,168,208,138,302,385,222,224,308,373,424
ASV_16S_10,0,0,2502,1624,2000,0,0,0,0,0,0,0
ASV_16S_11,324,291,97,104,63,237,282,260,134,292,276,291
ASV_16S_12,197,178,373,295,339,197,223,205,195,216,247,217
ASV_16S_13,212,185,86,161,57,207,264,243,183,250,320,283
ASV_16S_14,303,158,43,55,0,248,328,217,155,274,301,310
ASV_16S_15,0,0,0,0,0,0,0,0,0,0,0,0
ASV_16S_16,229,190,106,147,69,229,317,207,134,219,291,323
ASV_16S_17,141,107,142,211,65,93,155,92,132,146,146,124
ASV_16S_18,256,167,62,116,57,197,264,174,120,174,220,229
ASV_16S_19,252,181,0,85,36,230,226,247,147,148,267,241
ASV_16S_20,193,167,152,190,125,188,204,192,156,230,185,202
ASV_16S_21,214,165,61,144,53,198,244,186,117,170,241,245
ASV_16S_22,246,169,29,59,10,212,284,232,93,137,275,255
ASV_16S_23,210,139,41,68,20,189,221,193,110,175,213,212
ASV_16S_24,253,150,48,72,38,197,243,183,105,147,249,273
ASV_16S_25,217,196,85,128,92,188,190,203,123,233,204,228
ASV_16S_26,108,67,140,101,66,99,155,62,94,121,106,162
ASV_16S_27,149,66,242,123,74,132,115,95,241,78,90,86
ASV_16S_28,175,219,0,103,0,147,178,234,159,230,213,219
ASV_16S_29,158,131,86,133,88,154,222,148,119,164,161,172
ASV_16S_30,183,140,49,87,26,131,234,184,129,208,181,163
ASV_16S_31,181,154,158,178,116,162,190,161,116,194,195,199
ASV_16S_32,273,268,27,56,17,187,188,170,75,147,196,146
ASV_16S_33,176,151,58,88,42,151,181,206,104,138,209,214
ASV_16S_34,0,0,1270,1519,1807,0,0,0,0,0,0,0
ASV_16S_35,150,150,30,56,17,147,171,159,89,148,198,209
ASV_16S_36,127,145,99,119,60,146,180,134,88,162,184,210
ASV_16S_37,0,0,1185,2290,1056,0,0,0,0,0,0,0
ASV_16S_38,160,137,102,157,91,119,182,133,99,157,188,153
ASV_16S_39,168,125,26,57,0,141,173,124,110,142,211,206
ASV_16S_40,143,103,69,75,29,142,161,109,87,138,128,156
ASV_16S_41,169,74,155,39,54,153,193,97,87,131,160,184
ASV_16S_42,210,133,0,109,0,141,120,140,107,133,144,139
ASV_16S_43,155,89,52,85,37,129,164,91,100,114,163,157
ASV_16S_44,162,108,82,121,48,121,158,150,84,137,172,161
ASV_16S_45,120,150,95,152,115,129,144,142,88,118,150,150
ASV_16S_46,161,91,31,35,23,146,171,132,77,137,149,155
ASV_16S_47,171,84,17,50,7,128,153,86,101,127,149,173
ASV_16S_48,137,96,27,57,23,130,126,146,72,94,189,177
ASV_16S_49,0,0,0,0,0,0,0,0,0,0,0,0
ASV_16S_50,143,108,26,59,43,130,135,110,77,129,156,154
ASV_16S_51,0,0,1521,1469,1042,0,0,0,0,0,0,0
ASV_16S_52,0,14,963,1273,1236,0,22,0,43,0,0,0
ASV_16S_53,174,90,0,37,0,136,134,95,104,135,165,145
ASV_16S_54,117,95,72,57,39,104,142,137,83,136,158,152
ASV_16S_55,140,103,90,105,74,118,163,127,80,128,139,132
ASV_16S_56,93,108,102,139,85,117,134,110,74,132,140,141
ASV_16S_57,0,0,0,0,0,0,0,0,0,0,0,0
ASV_16S_58,90,114,57,67,30,111,140,114,70,128,141,152
ASV_16S_59,94,0,78,29,0,61,76,48,64,62,63,87
ASV_16S_60,136,86,0,91,23,119,154,94,80,72,143,107
ASV_16S_61,90,94,171,143,194,72,92,88,50,116,80,99
ASV_16S_62,143,73,77,72,55,129,139,86,56,93,145,137
ASV_16S_63,0,0,0,0,0,0,0,0,0,0,0,0
ASV_16S_64,123,105,51,74,25,87,134,104,68,111,92,136
ASV_16S_65,131,75,0,0,0,106,141,123,88,126,145,116
ASV_16S_66,0,31,43,37,0,24,31,29,0,16,23,0
ASV_16S_67,50,21,43,21,11,30,49,0,32,40,21,60
ASV_16S_68,93,85,41,75,31,109,129,95,64,121,128,124
ASV_16S_69,112,88,46,47,25,107,132,110,67,102,166,119
ASV_16S_70,127,81,54,76,39,89,137,89,66,86,155,116
ASV_16S_71,91,94,80,79,52,127,164,104,65,91,110,121
ASV_16S_72,133,93,0,0,56,117,133,122,57,108,138,120
ASV_16S_73,117,86,50,0,0,91,156,105,72,119,133,112
ASV_16S_74,80,67,94,98,70,97,87,114,85,113,138,135
ASV_16S_75,108,79,32,38,22,107,143,110,50,70,110,115
ASV_16S_76,85,28,65,0,53,63,72,29,57,59,45,78
ASV_16S_77,83,85,68,119,74,68,100,102,80,94,135,120
ASV_16S_78,122,97,58,0,43,89,116,122,82,106,136,95
ASV_16S_79,31,11,78,18,61,27,24,26,85,0,0,0
ASV_16S_80,0,32,0,0,0,0,0,0,0,0,0,0
ASV_16S_81,106,96,47,60,26,103,114,100,63,75,113,115
ASV_16S_82,141,65,53,61,0,100,133,89,55,89,134,135
ASV_16S_83,123,88,30,39,0,103,121,67,90,102,104,102
ASV_16S_84,130,44,17,32,7,85,145,69,55,90,121,128
ASV_16S_85,94,116,0,46,31,86,123,99,84,91,106,122
ASV_16S_86,92,84,0,42,0,94,127,97,63,102,114,89
ASV_16S_87,105,99,28,0,0,107,113,73,65,66,129,143
ASV_16S_88,119,72,26,45,0,110,104,104,86,92,105,99
ASV_16S_89,105,70,34,35,37,82,88,92,57,94,117,120
ASV_16S_90,93,85,23,43,0,75,105,85,53,95,82,114
ASV_16S_91,107,68,58,46,63,90,123,80,48,86,86,102
ASV_16S_92,101,71,31,53,0,95,110,79,65,65,67,105
ASV_16S_93,83,41,245,187,314,66,68,52,126,44,67,70
ASV_16S_94,23,37,40,22,0,23,19,0,19,0,24,20
ASV_16S_95,117,70,10,26,0,110,121,75,47,60,112,120
ASV_16S_96,93,75,54,0,0,73,115,57,75,72,109,115
ASV_16S_97,54,18,31,19,0,46,57,14,27,29,36,62
ASV_16S_98,80,46,49,34,0,70,80,73,71,96,95,62
ASV_16S_99,0,0,669,945,773,0,0,0,0,0,0,0
ASV_16S_100,80,61,51,63,22,56,101,105,60,111,107,97
ASV_16S_101,74,66,39,63,0,63,67,84,64,84,99,95
ASV_16S_102,88,61,9,23,13,98,115,72,59,81,110,92
ASV_16S_103,82,68,0,37,0,81,119,92,38,64,118,105
ASV_16S_104,57,59,0,0,0,0,51,0,0,0,0,0
ASV_16S_105,46,30,47,19,27,59,82,0,44,46,34,68
ASV_16S_106,109,84,0,0,0,78,103,108,38,68,133,99
ASV_16S_107,99,82,0,0,0,76,95,115,86,77,68,52
ASV_16S_108,0,0,981,445,611,0,0,0,0,0,0,0
ASV_16S_109,118,77,0,0,0,76,106,79,49,92,66,94
ASV_16S_110,75,68,0,70,0,94,69,85,52,88,102,121
ASV_16S_111,93,64,0,0,0,79,106,73,0,89,92,100
ASV_16S_112,63,54,28,72,21,77,93,73,49,73,89,81
ASV_16S_113,44,30,443,281,442,45,49,90,0,28,46,32
ASV_16S_114,97,103,0,0,0,81,69,85,0,80,89,64
ASV_16S_115,80,56,58,71,37,62,74,86,53,90,89,74
ASV_16S_116,103,81,64,62,47,88,85,64,0,61,86,90
ASV_16S_117,112,78,0,0,0,71,64,94,83,77,81,76
ASV_16S_118,76,65,32,90,53,63,95,61,39,63,119,80
ASV_16S_119,104,73,16,12,0,92,126,84,31,64,88,94
ASV_16S_120,83,108,15,65,12,92,78,136,24,34,103,71
ASV_16S_121,71,51,32,31,28,81,85,53,56,56,94,82
ASV_16S_122,37,49,404,402,583,28,34,0,110,0,0,0
ASV_16S_123,30,0,20,7,8,21,16,0,9,19,0,13
ASV_16S_124,65,43,15,13,12,85,57,63,70,90,65,68
ASV_16S_125,89,62,0,0,0,77,60,70,61,74,56,57
ASV_16S_126,94,58,0,37,0,104,79,67,36,53,104,110
ASV_16S_127,44,14,57,60,0,102,63,51,0,122,65,43
ASV_16S_128,64,103,0,75,0,88,76,96,57,77,70,71
ASV_16S_129,47,83,194,196,236,40,66,24,130,0,0,0
ASV_16S_130,37,7,35,8,10,23,38,0,0,24,18,46
ASV_16S_131,96,66,0,0,0,70,76,71,30,42,81,94
ASV_16S_132,83,47,29,61,0,72,81,75,0,68,72,80
ASV_16S_133,95,46,77,84,57,70,66,56,62,47,66,79
ASV_16S_134,88,65,6,0,0,62,119,67,38,69,75,77
ASV_16S_135,84,71,0,0,0,0,78,81,0,52,83,88
ASV_16S_136,75,51,0,0,0,61,82,66,0,62,69,89
ASV_16S_137,68,39,38,67,44,76,77,76,47,59,89,78
ASV_16S_138,76,75,13,0,0,50,62,61,61,46,92,77
ASV_16S_139,61,63,0,26,0,52,43,75,31,65,80,61
ASV_16S_140,59,53,133,45,0,47,72,52,53,62,50,63
ASV_16S_141,101,36,11,14,6,71,76,53,47,74,86,96
ASV_16S_142,70,57,47,53,0,52,65,61,51,70,75,90
ASV_16S_143,75,47,19,32,0,55,104,70,50,53,64,71
ASV_16S_144,64,34,23,33,0,71,60,54,30,54,61,39
ASV_16S_145,48,67,0,28,0,60,69,72,52,72,73,84
ASV_16S_146,81,59,0,36,0,63,73,66,60,57,76,67
ASV_16S_147,62,53,20,37,0,58,79,70,32,68,74,69
ASV_16S_148,70,70,0,32,0,66,61,49,42,78,92,56
ASV_16S_149,81,55,12,27,8,66,88,47,57,59,75,65
ASV_16S_150,90,49,0,0,0,61,89,48,41,61,91,61
ASV_16S_151,88,57,17,44,0,87,92,52,0,45,66,88
ASV_16S_152,72,34,11,23,0,63,85,62,30,59,82,99
ASV_16S_153,85,58,0,0,0,89,86,91,48,58,76,0
ASV_16S_154,58,58,30,44,0,62,63,61,44,61,69,65
ASV_16S_155,62,49,8,27,10,68,88,58,29,48,77,67
ASV_16S_156,76,0,0,0,0,61,104,62,53,57,82,75
ASV_16S_157,82,43,0,0,16,50,85,65,35,56,70,90
ASV_16S_158,88,54,0,22,0,71,98,71,39,56,76,66
ASV_16S_159,73,47,0,0,0,71,88,49,37,56,76,80
ASV_16S_160,35,26,263,424,321,15,17,15,15,0,0,0
ASV_16S_161,59,49,0,33,0,80,75,45,56,64,62,97
ASV_16S_162,18,11,458,471,547,0,0,17,30,0,16,0
ASV_16S_163,83,44,0,39,0,57,71,69,43,82,76,90
ASV_16S_164,77,56,33,45,20,78,80,62,34,42,65,75
ASV_16S_165,75,50,30,35,0,51,64,65,44,64,94,89
ASV_16S_166,78,38,45,51,31,46,59,36,39,81,57,59
ASV_16S_167,47,0,240,0,0,46,68,69,0,62,60,60
ASV_16S_168,74,48,61,58,72,42,54,65,44,45,43,48
ASV_16S_169,54,38,28,0,10,55,74,42,40,60,72,74
ASV_16S_170,47,36,0,0,0,58,90,47,0,52,81,55
ASV_16S_171,35,40,0,0,0,49,73,69,42,94,47,73
ASV_16S_172,63,64,23,0,0,70,86,47,36,44,50,79
ASV_16S_173,40,0,0,0,0,0,0,18,0,0,0,0
ASV_16S_174,0,0,0,0,0,0,0,0,0,0,0,0
ASV_16S_175,60,65,0,40,21,56,54,54,38,55,62,69
ASV_16S_176,51,72,33,0,0,71,59,83,54,0,76,91
ASV_16S_177,66,45,21,37,0,66,61,52,41,48,79,55
ASV_16S_178,0,0,389,378,299,0,11,0,0,0,0,20
ASV_16S_179,85,48,0,40,0,55,62,68,61,0,72,57
ASV_16S_180,77,54,0,20,17,65,69,60,30,46,81,60
ASV_16S_181,60,58,72,90,86,53,86,0,57,57,64,0
ASV_16S_182,65,44,35,0,0,45,65,53,52,48,68,72
ASV_16S_183,66,50,39,52,71,55,63,52,36,57,65,65
ASV_16S_184,87,30,32,0,18,51,85,48,53,75,45,70
ASV_16S_185,0,0,238,358,310,0,0,0,0,0,0,0
ASV_16S_186,41,55,11,43,0,50,53,52,51,41,52,56
ASV_16S_187,70,0,0,56,0,74,63,0,0,75,40,53
ASV_16S_188,67,40,0,23,0,69,57,60,27,38,79,64
ASV_16S_189,71,0,62,83,47,43,51,53,40,0,68,53
ASV_16S_190,55,51,0,65,0,53,64,72,0,0,64,41
ASV_16S_191,74,38,12,20,0,64,92,45,26,49,67,61
ASV_16S_192,48,29,0,36,21,65,51,33,21,30,52,54
ASV_16S_193,62,40,12,24,0,44,58,51,37,50,69,68
ASV_16S_194,47,45,22,29,0,41,60,71,33,53,73,70
ASV_16S_195,71,42,39,44,23,49,60,46,45,55,51,53
ASV_16S_196,60,47,10,20,18,45,74,48,27,43,66,49
ASV_16S_197,63,59,35,68,48,43,46,88,30,27,52,49
ASV_16S_198,64,38,20,30,0,53,66,56,32,37,62,76
ASV_16S_199,43,56,13,39,16,44,59,54,25,47,80,57
ASV_16S_200,90,40,0,0,0,57,49,36,38,42,47,53
ASV_16S_201,56,42,15,26,0,54,59,50,27,60,69,58
ASV_16S_202,66,40,32,0,0,33,68,40,53,38,53,64
ASV_16S_203,34,64,36,50,0,50,62,34,44,58,60,57
ASV_16S_204,53,37,0,0,0,56,49,48,40,63,35,53
ASV_16S_205,47,30,21,42,20,59,55,50,34,46,58,57
ASV_16S_206,55,30,0,19,0,42,62,50,36,48,68,67
ASV_16S_207,35,34,0,0,0,51,93,47,38,41,60,64
ASV_16S_208,49,26,109,80,65,33,45,35,23,35,37,48
ASV_16S_209,37,28,192,143,148,28,17,32,39,26,12,0
ASV_16S_210,57,44,31,50,0,49,51,49,26,39,56,51
ASV_16S_211,52,37,37,40,0,50,75,51,33,44,84,58
ASV_16S_212,51,60,18,25,0,52,54,66,18,21,80,58
ASV_16S_213,54,47,23,36,26,44,52,54,0,35,56,60
ASV_16S_214,45,33,0,53,0,51,49,35,34,29,40,34
ASV_16S_215,39,36,58,54,95,30,53,45,52,46,33,37
ASV_16S_216,43,46,12,15,0,69,50,57,31,40,57,57
ASV_16S_217,49,54,0,29,0,43,66,46,43,29,58,44
ASV_16S_218,41,57,17,0,0,60,57,39,38,46,73,58
ASV_16S_219,50,39,0,0,0,49,49,51,24,42,54,67
ASV_16S_220,61,30,0,32,0,31,82,50,32,57,62,46
ASV_16S_221,204,98,0,0,35,26,0,0,68,0,0,0
ASV_16S_222,0,49,40,29,0,42,38,29,64,0,0,0
ASV_16S_223,42,64,0,0,0,41,65,66,0,47,69,61
ASV_16S_224,0,0,0,0,0,62,0,0,0,57,43,0
ASV_16S_225,47,25,13,17,17,42,64,51,33,30,48,58
ASV_16S_226,49,40,0,14,0,53,55,48,11,59,66,66
ASV_16S_227,49,25,0,0,0,38,106,52,0,40,64,54
ASV_16S_228,49,41,0,0,0,41,53,100,76,0,50,48
ASV_16S_229,55,35,0,0,0,48,50,50,22,58,53,54
ASV_16S_230,61,49,28,44,40,38,51,51,43,65,49,49
ASV_16S_231,47,46,0,0,0,46,46,55,45,40,43,61
ASV_16S_232,37,44,0,0,0,78,59,58,21,47,54,50
ASV_16S_233,53,36,0,13,0,40,42,64,24,48,62,72
ASV_16S_234,47,48,0,14,0,44,59,32,34,53,59,54
ASV_16S_235,53,36,0,42,0,52,43,34,31,43,48,71
ASV_16S_236,25,234,167,133,230,0,38,0,34,0,0,13
ASV_16S_237,0,0,527,434,319,0,0,0,0,0,0,0
ASV_16S_238,63,27,41,33,0,45,63,36,0,35,49,68
ASV_16S_239,38,28,21,21,17,20,25,24,38,0,0,23
ASV_16S_240,46,47,49,54,34,30,39,45,28,43,56,42
ASV_16S_241,30,32,29,21,0,56,48,47,32,52,43,54
ASV_16S_242,39,31,23,27,19,44,64,46,12,27,54,42
ASV_16S_243,41,42,0,26,0,43,0,0,0,0,66,63
ASV_16S_244,46,44,0,0,0,46,82,32,30,42,53,55
ASV_16S_245,48,0,18,0,0,40,56,63,0,66,40,38
ASV_16S_246,50,39,103,103,76,35,48,36,0,25,34,40
ASV_16S_247,49,36,0,21,0,60,57,30,24,37,43,57
ASV_16S_248,46,41,0,0,0,49,61,42,0,53,58,42
ASV_16S_249,41,36,0,35,23,33,38,41,0,39,55,57
ASV_16S_250,58,29,0,12,0,52,55,48,26,45,40,52
ASV_16S_251,56,40,27,39,19,45,51,39,33,0,42,42
ASV_16S_252,43,18,0,0,0,45,55,45,29,49,57,55
ASV_16S_253,0,62,0,0,0,66,0,97,0,0,91,108
ASV_16S_254,0,0,184,328,511,0,0,0,0,0,0,0
ASV_16S_255,59,36,0,20,0,43,55,64,33,0,96,61
ASV_16S_256,37,45,33,64,0,36,51,46,33,32,58,50
ASV_16S_257,73,0,0,24,0,54,31,0,43,30,46,72
ASV_16S_258,0,0,0,74,53,34,90,75,0,0,0,0
ASV_16S_259,0,0,0,0,0,0,0,0,0,0,0,0
ASV_16S_260,39,45,0,0,0,44,48,40,26,38,52,50
ASV_16S_261,0,31,0,0,0,70,59,0,42,0,67,63
ASV_16S_262,0,19,393,84,122,0,0,0,0,0,0,0
ASV_16S_263,0,10,157,38,29,28,32,29,0,0,0,0
ASV_16S_264,0,0,300,244,213,0,17,0,36,0,0,0
ASV_16S_265,38,50,8,0,0,28,43,75,0,59,47,45
ASV_16S_266,35,25,19,20,0,30,39,33,25,48,42,38
ASV_16S_267,79,0,0,0,0,0,0,45,57,0,0,0
ASV_16S_268,40,30,0,18,0,0,13,0,28,0,0,17
ASV_16S_269,0,0,0,0,0,0,0,0,0,0,0,0
ASV_16S_270,54,0,25,32,0,39,41,31,25,45,45,37
ASV_16S_271,33,27,110,160,117,22,34,25,0,16,41,46
ASV_16S_272,56,25,0,0,0,33,51,30,34,50,37,46
ASV_16S_273,55,38,0,18,0,41,47,37,17,42,0,44
ASV_16S_274,36,37,14,37,15,42,37,46,27,41,51,45
ASV_16S_275,0,17,364,189,255,0,0,0,8,0,0,0
ASV_16S_276,59,27,28,34,49,0,35,44,38,41,45,50
ASV_16S_277,16,15,16,14,7,14,29,8,11,23,22,17
ASV_16S_278,54,28,11,31,0,53,50,33,11,38,51,55
ASV_16S_279,51,31,0,0,0,43,56,56,0,27,54,53
ASV_16S_280,78,78,0,0,0,74,0,21,0,64,0,86
ASV_16S_281,37,39,15,26,17,48,46,38,25,33,60,39
ASV_16S_282,49,33,16,19,0,34,40,46,29,33,46,49
ASV_16S_283,50,0,0,14,0,33,45,44,0,40,46,44
ASV_16S_284,0,0,0,0,0,57,73,57,0,54,25,0
ASV_16S_285,39,52,0,18,0,36,52,56,0,40,49,37
ASV_16S_286,43,34,0,0,0,32,47,42,0,44,41,43
ASV_16S_287,39,33,0,23,0,45,39,41,30,36,47,40
ASV_16S_288,38,46,0,0,0,52,51,40,0,44,54,46
ASV_16S_289,38,28,24,24,0,26,21,39,24,44,40,40
ASV_16S_290,30,48,28,21,23,34,36,44,21,25,36,32
ASV_16S_291,56,43,0,0,0,46,47,36,0,41,62,44
ASV_16S_292,47,35,0,0,24,39,29,38,0,49,55,61
ASV_16S_293,41,32,21,24,22,28,39,40,28,0,45,40
ASV_16S_294,54,40,29,29,0,27,43,63,26,43,32,42
ASV_16S_295,0,0,0,0,0,0,87,0,72,0,82,53
ASV_16S_296,30,39,26,24,21,23,34,0,30,45,54,44
ASV_16S_297,0,0,0,17,0,51,61,41,23,32,49,52
ASV_16S_298,57,0,0,0,0,49,58,0,0,37,46,48
ASV_16S_299,26,27,44,26,49,23,35,27,28,20,23,30
ASV_16S_300,36,29,41,54,62,36,38,39,0,21,42,42
ASV_16S_301,9,22,139,245,299,14,25,31,20,0,0,0
ASV_16S_302,25,30,17,19,0,48,55,51,20,37,55,34
ASV_16S_303,53,75,0,23,0,0,69,72,0,0,58,54
ASV_16S_304,40,32,0,0,0,45,43,24,85,40,33,56
ASV_16S_305,35,22,0,0,0,34,27,36,0,33,49,38
ASV_16S_306,34,22,0,25,19,31,31,22,19,56,44,32
ASV_16S_307,42,24,0,29,0,39,32,54,0,17,27,25
ASV_16S_308,50,31,17,0,16,39,28,29,20,23,40,43
ASV_16S_309,27,29,99,44,106,31,17,47,19,17,25,20
ASV_16S_310,43,0,52,0,0,25,55,37,0,32,44,72
ASV_16S_311,62,0,0,0,0,48,0,38,0,0,0,41
ASV_16S_312,55,49,0,0,0,37,69,63,0,0,55,31
ASV_16S_313,40,16,85,95,53,44,59,37,0,0,31,52
ASV_16S_314,34,33,0,17,12,40,56,0,16,33,54,46
ASV_16S_315,51,0,0,0,63,0,44,45,0,0,44,0
ASV_16S_316,44,0,14,0,0,40,51,0,0,41,56,55
ASV_16S_317,28,31,19,0,20,31,27,49,24,33,41,36
ASV_16S_318,25,21,147,137,133,33,25,20,29,17,0,28
ASV_16S_319,0,20,140,280,168,0,22,14,26,0,29,29
ASV_16S_320,28,18,0,17,0,34,39,32,16,36,30,33
ASV_16S_321,37,18,0,0,0,35,34,28,20,33,48,45
ASV_16S_322,45,29,0,12,7,32,39,32,12,40,40,44
ASV_16S_323,44,0,0,21,16,47,0,39,17,54,0,55
ASV_16S_324,33,24,0,18,0,22,43,25,21,38,41,52
ASV_16S_325,45,50,0,0,32,38,34,30,0,46,37,41
ASV_16S_326,43,18,0,11,0,30,41,24,22,21,41,48
ASV_16S_327,0,48,26,38,0,34,40,48,0,52,62,50
ASV_16S_328,29,41,0,0,0,36,59,43,0,50,35,53
ASV_16S_329,29,21,21,33,14,33,36,22,0,34,39,28
ASV_16S_330,30,36,0,30,0,33,28,36,17,28,32,20
ASV_16S_331,0,44,0,56,29,36,47,38,0,35,50,44
ASV_16S_332,35,38,19,40,0,34,46,25,19,18,24,0
ASV_16S_333,31,37,0,22,0,24,37,37,28,26,31,34
ASV_16S_334,0,38,0,0,18,47,44,37,0,46,42,55
ASV_16S_335,33,0,0,18,0,36,35,37,24,35,24,26
ASV_16S_336,0,0,250,61,94,0,0,0,0,0,0,0
ASV_16S_337,42,0,26,37,20,37,49,35,29,0,0,0
ASV_16S_338,34,0,0,0,0,45,44,52,0,55,64,0
ASV_16S_339,30,38,0,0,0,13,34,32,0,33,29,29
ASV_16S_340,33,34,0,25,0,46,41,45,0,33,23,27
ASV_16S_341,44,18,22,17,0,0,41,0,0,39,31,34
ASV_16S_342,38,0,0,0,0,46,50,39,0,35,41,35
ASV_16S_343,48,31,0,0,0,39,34,46,17,30,0,40
ASV_16S_344,29,25,13,14,12,23,36,51,19,28,22,28
ASV_16S_345,40,0,0,0,7,20,31,27,24,30,38,41
ASV_16S_346,42,23,0,0,0,30,48,28,15,34,37,35
ASV_16S_347,30,32,0,30,0,32,26,29,0,21,35,28
ASV_16S_348,54,27,0,15,0,48,33,46,0,0,34,45
ASV_16S_349,0,0,0,0,0,0,0,0,0,0,0,0
ASV_16S_350,31,22,0,18,0,21,31,19,31,42,37,23
ASV_16S_351,40,0,0,16,13,27,37,28,16,29,39,43
ASV_16S_352,32,35,23,38,28,39,28,69,0,0,33,29
ASV_16S_353,30,0,0,40,0,36,44,0,0,32,0,45
ASV_16S_354,34,21,0,12,0,28,29,32,17,19,32,41
ASV_16S_355,28,25,0,20,0,30,40,23,27,24,32,33
ASV_16S_356,0,0,89,59,49,0,0,0,0,0,0,0
ASV_16S_357,47,34,0,0,0,49,55,0,0,0,0,48
ASV_16S_358,21,0,95,116,257,0,0,0,0,0,0,0
ASV_16S_359,32,19,7,16,0,34,43,17,16,40,28,31
ASV_16S_360,25,20,23,33,13,27,48,0,0,30,28,0
ASV_16S_361,14,0,149,165,149,0,11,0,21,0,0,0
ASV_16S_362,34,0,0,0,0,0,48,36,22,34,38,36
ASV_16S_363,37,0,0,9,0,28,48,28,14,29,23,44
ASV_16S_364,0,0,246,153,182,0,0,0,0,0,0,0
ASV_16S_365,25,30,9,0,0,22,37,54,8,22,38,31
ASV_16S_366,22,25,177,124,247,0,0,0,30,0,0,0
ASV_16S_367,22,0,34,29,18,0,0,28,0,37,38,24
ASV_16S_368,52,22,0,0,0,35,42,25,0,56,39,33
ASV_16S_369,47,30,42,30,0,38,30,0,0,0,51,37
ASV_16S_370,0,0,156,253,147,18,0,21,0,0,0,0
ASV_16S_371,0,0,9,0,0,0,0,0,0,0,0,0
ASV_16S_372,0,61,0,0,0,60,45,0,0,0,53,46
ASV_16S_373,0,0,0,0,0,0,0,0,0,0,0,0
ASV_16S_374,39,0,25,44,19,21,33,24,0,22,29,24
ASV_16S_375,23,16,0,10,0,26,43,32,17,28,26,29
ASV_16S_376,52,0,28,35,0,60,39,0,31,25,23,28
ASV_16S_377,37,0,0,0,0,93,0,69,0,0,0,38
ASV_16S_378,22,27,0,0,0,0,43,24,0,61,36,24
ASV_16S_379,39,36,0,26,0,54,61,37,0,27,51,40
ASV_16S_380,25,26,0,15,0,40,43,30,0,15,41,36
ASV_16S_381,0,0,0,0,0,0,0,0,0,0,0,0
ASV_16S_382,27,30,7,8,0,26,44,21,10,27,44,48
ASV_16S_383,26,16,0,0,0,33,35,32,31,27,36,33
ASV_16S_384,30,40,0,0,0,39,36,29,18,29,0,44
ASV_16S_385,52,34,0,0,0,0,32,44,8,0,33,39
ASV_16S_386,0,0,133,184,82,0,0,0,0,0,0,0
ASV_16S_387,37,0,0,0,37,33,38,36,0,37,45,40
ASV_16S_388,29,22,0,24,0,25,38,38,17,22,36,40
ASV_16S_389,23,0,0,0,0,21,41,0,0,36,31,33
ASV_16S_390,0,0,159,185,139,0,0,0,0,0,0,0
ASV_16S_391,34,35,11,0,0,20,25,33,0,17,36,35
ASV_16S_392,32,30,44,51,36,30,30,29,25,0,21,29
ASV_16S_393,33,17,12,21,0,37,38,23,20,0,36,41
ASV_16S_394,0,0,197,300,135,0,0,0,0,0,0,0
ASV_16S_395,0,0,89,0,0,0,0,0,0,0,0,0
ASV_16S_396,56,45,0,0,0,40,40,38,0,43,51,23
ASV_16S_397,54,0,0,0,0,36,41,0,0,0,45,34
ASV_16S_398,34,0,0,0,0,37,28,33,53,32,25,27
ASV_16S_399,20,26,39,38,40,19,22,27,28,0,28,32
ASV_16S_400,15,29,60,66,84,0,34,15,21,0,22,0
ASV_16S_401,27,34,0,65,0,18,30,0,0,0,31,26
ASV_16S_402,20,33,9,0,10,23,42,41,11,0,43,29
ASV_16S_403,0,0,0,0,0,0,0,0,0,0,0,0
ASV_16S_404,0,24,0,19,0,33,25,13,0,31,27,35
ASV_16S_405,0,0,158,96,109,0,0,0,0,0,0,0
ASV_16S_406,30,17,0,9,0,18,36,20,13,35,35,31
ASV_16S_407,20,35,14,39,0,36,32,30,0,0,27,28
ASV_16S_408,32,0,0,0,0,22,26,23,0,26,29,40
ASV_16S_409,42,18,0,0,0,0,33,36,0,58,30,0
ASV_16S_410,19,14,0,14,12,26,30,33,0,26,29,28
ASV_16S_411,18,13,19,10,0,24,23,21,17,29,22,46
ASV_16S_412,23,0,19,20,13,23,23,28,0,24,33,20
ASV_16S_413,0,0,169,219,277,0,0,0,0,0,0,0
ASV_16S_414,34,18,26,22,0,17,29,22,0,15,0,29
ASV_16S_415,29,0,0,16,0,24,22,20,17,26,36,22
ASV_16S_416,21,0,80,56,134,14,0,21,20,0,0,24
ASV_16S_417,21,22,0,0,0,36,26,32,17,16,26,32
ASV_16S_418,24,0,17,19,0,19,36,31,24,24,27,27
ASV_16S_419,47,32,0,0,0,0,46,45,0,0,48,0
ASV_16S_420,38,24,0,11,0,37,42,23,20,0,24,25
ASV_16S_421,14,17,0,0,0,22,33,17,0,18,16,29
ASV_16S_422,35,21,0,0,14,53,25,31,0,24,36,24
ASV_16S_423,26,0,0,0,0,39,26,0,0,38,27,34
ASV_16S_424,17,12,14,0,0,24,25,24,26,25,33,26
ASV_16S_425,20,20,0,0,9,31,22,24,23,27,39,31
ASV_16S_426,0,32,0,35,28,32,50,0,0,0,39,33
ASV_16S_427,0,0,134,211,119,0,0,0,0,0,0,0
ASV_16S_428,34,40,0,0,0,0,40,0,0,0,52,45
ASV_16S_429,31,16,18,19,11,23,27,19,14,24,29,24
ASV_16S_430,27,31,0,0,0,38,30,31,19,28,45,45
ASV_16S_431,30,0,0,0,0,0,24,24,0,34,39,35
ASV_16S_432,28,0,38,14,0,19,40,21,29,25,26,36
ASV_16S_433,16,0,0,41,0,25,31,33,0,0,46,29
ASV_16S_434,34,23,0,0,0,34,0,0,20,36,24,33
ASV_16S_435,63,24,0,0,0,39,46,32,0,0,63,30
ASV_16S_436,75,0,0,0,0,0,0,0,0,0,62,60
ASV_16S_437,0,0,0,0,0,31,40,39,32,0,60,39
ASV_16S_438,48,0,0,0,0,41,53,0,0,44,0,34
ASV_16S_439,0,0,0,0,0,40,49,39,0,42,29,39
ASV_16S_440,24,0,0,0,0,23,29,23,0,46,35,34
ASV_16S_441,0,0,109,102,65,0,0,0,0,0,0,0
ASV_16S_442,25,18,0,0,5,27,29,20,23,30,42,21
ASV_16S_443,28,16,18,17,0,19,0,27,21,14,18,26
ASV_16S_444,22,16,7,18,5,26,31,13,12,24,23,23
ASV_16S_445,0,0,122,79,63,0,0,0,30,0,0,0
ASV_16S_446,25,15,0,0,0,23,31,14,16,22,23,36
ASV_16S_447,48,0,0,10,0,36,45,25,0,28,46,31
ASV_16S_448,42,33,0,34,0,0,45,0,45,0,47,52
ASV_16S_449,0,0,16,25,25,0,41,0,0,32,27,40
ASV_16S_450,0,0,0,0,0,0,0,0,0,0,0,0
ASV_16S_451,36,31,0,22,0,0,33,33,0,37,0,35
ASV_16S_452,27,24,0,0,0,0,33,38,0,34,41,39
ASV_16S_453,0,0,94,75,276,0,0,0,0,0,0,0
ASV_16S_454,31,32,14,18,0,25,34,25,19,12,34,23
ASV_16S_455,0,0,13,0,0,0,0,0,0,9,0,0
ASV_16S_456,0,0,51,0,0,0,0,0,0,0,0,0
ASV_16S_457,30,0,0,14,0,0,34,30,19,26,24,0
ASV_16S_458,25,14,14,15,16,14,31,29,24,20,27,26
ASV_16S_459,0,0,32,0,0,0,29,22,0,0,36,22
ASV_16S_460,0,0,0,0,0,0,52,0,0,0,0,79
ASV_16S_461,25,14,18,0,0,19,28,13,23,32,32,34
ASV_16S_462,25,0,0,0,0,41,42,19,0,27,45,42
ASV_16S_463,0,0,35,0,0,0,0,0,0,0,0,0
ASV_16S_464,0,0,10,0,0,0,0,0,0,0,0,0
ASV_16S_465,0,0,0,0,0,0,0,0,0,0,0,0
ASV_16S_466,16,19,0,0,6,24,23,27,0,20,36,29
ASV_16S_467,27,15,0,0,0,20,32,20,0,0,32,22
ASV_16S_468,0,23,32,0,41,0,43,20,0,28,15,0
ASV_16S_469,0,39,13,0,0,0,0,0,43,0,0,42
ASV_16S_470,0,0,0,0,0,35,36,0,70,0,27,0
ASV_16S_471,25,0,0,0,0,0,49,32,0,49,26,28
ASV_16S_472,0,0,0,0,0,0,0,0,0,0,43,60
ASV_16S_473,85,49,0,0,0,0,50,36,0,0,0,45
ASV_16S_474,0,0,25,14,22,0,0,0,0,0,0,0
ASV_16S_475,0,0,0,0,0,0,0,0,0,0,0,0
ASV_16S_476,34,12,10,20,16,21,21,24,0,21,28,20
ASV_16S_477,37,0,0,0,7,43,37,0,11,0,48,37
ASV_16S_478,0,0,0,0,0,0,0,0,0,50,28,39
ASV_16S_479,18,19,0,0,0,41,33,0,32,23,26,28
ASV_16S_480,0,0,367,33,67,0,0,0,0,0,0,0
ASV_16S_481,29,21,0,26,0,39,26,0,28,20,18,32
ASV_16S_482,17,19,0,0,20,12,28,26,0,25,39,34
ASV_16S_483,0,0,0,0,0,0,51,0,0,0,0,31
ASV_16S_484,0,0,337,223,72,0,0,0,0,0,0,0
ASV_16S_485,23,30,0,0,0,28,25,45,11,13,32,15
ASV_16S_486,29,33,0,19,0,0,34,25,17,0,25,63
ASV_16S_487,0,0,225,223,205,0,0,0,0,0,0,0
ASV_16S_488,0,14,131,0,76,17,15,18,0,0,0,8
ASV_16S_489,0,0,28,15,0,0,0,0,0,0,0,0
ASV_16S_490,30,13,0,0,0,0,30,0,18,23,31,36
ASV_16S_491,29,0,0,32,0,0,28,23,0,51,0,30
ASV_16S_492,19,30,0,0,0,32,25,21,0,0,46,32
ASV_16S_493,35,0,0,0,0,0,42,0,43,0,37,0
ASV_16S_494,28,19,0,0,0,19,13,37,14,19,20,34
ASV_16S_495,0,0,25,44,0,0,0,26,0,22,37,31
ASV_16S_496,0,0,172,147,120,0,0,0,0,0,0,0
ASV_16S_497,14,19,12,10,0,19,30,27,13,25,27,21
ASV_16S_498,0,0,139,185,99,0,0,0,0,0,0,0
ASV_16S_499,30,20,0,0,0,18,24,29,16,10,24,24
ASV_16S_500,0,0,0,0,0,0,38,36,0,31,46,39
ASV_16S_501,26,14,0,0,0,20,24,32,0,33,43,17
ASV_16S_502,19,0,0,14,11,15,26,21,15,10,29,0
ASV_16S_503,0,0,0,0,0,0,0,28,27,19,0,0
ASV_16S_504,29,0,0,0,0,24,31,22,0,22,18,33
ASV_16S_505,0,0,0,30,12,17,23,0,0,0,22,31
ASV_16S_506,29,0,0,22,0,28,18,0,0,17,0,31
ASV_16S_507,14,16,0,0,0,20,24,0,0,18,32,32
ASV_16S_508,39,0,0,0,0,0,33,40,0,28,0,0
ASV_16S_509,53,0,0,0,0,0,28,44,0,0,18,51
ASV_16S_510,0,0,0,0,0,0,0,0,0,0,0,0
ASV_16S_511,27,0,0,44,0,35,28,0,0,32,0,45
ASV_16S_512,0,0,0,37,0,40,56,33,0,0,80,0
ASV_16S_513,0,0,0,0,0,33,32,0,0,31,35,34
ASV_16S_514,24,0,13,34,0,24,19,0,0,25,29,40
ASV_16S_515,17,0,0,11,0,20,26,0,0,21,32,38
ASV_16S_516,27,15,0,12,0,15,20,15,8,15,0,26
ASV_16S_517,24,15,0,0,0,14,23,28,0,23,20,27
ASV_16S_518,20,18,0,0,0,19,27,24,19,29,23,35
ASV_16S_519,19,19,14,0,0,24,23,28,19,22,24,20
ASV_16S_520,0,0,0,0,0,23,44,0,0,37,33,47
ASV_16S_521,19,16,0,0,0,0,35,16,0,22,18,25
ASV_16S_522,40,0,0,50,0,55,0,40,0,0,44,0
ASV_16S_523,0,0,0,0,0,19,25,37,0,0,21,33
ASV_16S_524,20,24,0,5,0,0,29,20,16,0,24,30
ASV_16S_525,17,20,0,0,0,23,27,14,0,27,27,28
ASV_16S_526,0,0,0,0,0,36,34,36,0,23,41,34
ASV_16S_527,26,0,0,0,0,15,30,25,0,21,23,28
ASV_16S_528,21,0,0,0,0,19,23,11,32,16,20,22
ASV_16S_529,29,15,8,0,0,16,19,18,0,18,26,18
ASV_16S_530,21,0,13,0,0,21,25,9,10,0,13,25
ASV_16S_531,0,0,0,0,0,0,0,0,15,0,0,0
ASV_16S_532,0,21,0,4,0,14,14,0,0,33,12,18
ASV_16S_533,31,36,0,27,0,22,40,35,0,13,22,29
ASV_16S_534,34,47,0,16,0,0,22,0,0,44,0,0
ASV_16S_535,0,0,0,0,0,25,39,27,0,0,30,21
ASV_16S_536,25,22,0,0,20,0,22,21,0,28,26,23
ASV_16S_537,0,0,0,0,0,0,36,26,0,0,31,24
ASV_16S_538,0,32,0,14,0,26,29,21,0,31,36,41
ASV_16S_539,0,0,67,333,139,0,0,0,0,0,0,0
ASV_16S_540,29,0,0,0,0,30,37,26,15,0,38,41
ASV_16S_541,0,27,0,0,0,0,0,64,0,0,64,0
ASV_16S_542,0,25,11,20,0,42,48,0,0,0,0,27
ASV_16S_543,27,18,0,0,0,17,29,25,0,0,26,32
ASV_16S_544,34,0,28,0,0,28,0,14,0,16,31,43
ASV_16S_545,28,14,0,3,0,9,18,20,14,13,39,26
ASV_16S_546,22,0,9,0,0,21,26,0,0,19,31,33
ASV_16S_547,22,13,0,14,14,0,12,19,0,24,24,22
ASV_16S_548,20,0,0,0,22,20,0,17,0,24,28,0
ASV_16S_549,26,22,0,0,0,20,24,24,12,16,33,24
ASV_16S_550,25,36,0,0,0,0,25,22,36,0,35,27
ASV_16S_551,20,30,0,0,0,0,0,29,0,21,21,26
ASV_16S_552,0,35,0,24,0,25,0,0,0,0,0,48
ASV_16S_553,33,24,0,0,0,0,25,26,0,23,16,25
ASV_16S_554,32,18,0,0,0,0,33,0,0,0,0,32
ASV_16S_555,23,17,0,10,0,14,19,0,18,16,23,11
ASV_16S_556,0,0,0,0,0,0,0,0,0,0,0,0
ASV_16S_557,0,0,0,0,0,32,36,29,0,34,40,48
ASV_16S_558,16,0,0,0,0,15,20,20,14,22,0,23
ASV_16S_559,18,17,0,20,0,13,23,24,0,12,19,27
ASV_16S_560,0,33,206,94,94,0,22,0,0,0,0,0
ASV_16S_561,14,16,0,0,11,14,28,19,16,12,17,21
ASV_16S_562,0,0,0,0,0,15,37,25,13,0,14,25
ASV_16S_563,0,0,0,18,0,0,46,22,27,36,0,0
ASV_16S_564,21,20,0,25,20,38,19,29,0,19,0,23
ASV_16S_565,19,16,0,12,0,15,0,15,0,25,21,18
ASV_16S_566,37,0,0,30,0,30,31,0,0,0,40,36
ASV_16S_567,16,17,0,0,0,0,20,25,0,26,24,30
ASV_16S_568,0,0,0,0,0,0,0,0,0,74,88,0
ASV_16S_569,33,24,15,0,0,31,0,24,10,15,36,20
ASV_16S_570,24,31,0,0,0,30,0,0,0,29,24,30
ASV_16S_571,21,27,0,0,0,0,36,28,0,0,17,21
ASV_16S_572,45,0,30,25,20,0,38,0,0,0,0,0
ASV_16S_573,0,0,31,0,74,0,0,0,0,0,0,0
ASV_16S_574,15,20,0,9,0,19,22,20,8,10,28,17
ASV_16S_575,0,0,91,167,255,0,0,0,0,0,0,0
ASV_16S_576,32,39,0,0,0,0,0,0,0,0,33,0
ASV_16S_577,23,11,16,0,0,0,24,18,0,17,21,29
ASV_16S_578,0,0,19,0,0,0,0,0,0,0,0,0
ASV_16S_579,17,15,11,17,8,9,13,13,9,17,18,19
ASV_16S_580,18,19,0,11,0,27,14,24,0,5,18,15
ASV_16S_581,0,0,96,44,50,0,0,0,12,0,0,0
ASV_16S_582,28,0,0,0,0,28,21,0,20,29,25,35
ASV_16S_583,30,13,0,0,0,25,22,0,10,11,15,17
ASV_16S_584,43,0,0,0,0,0,0,42,0,0,52,0
ASV_16S_585,27,0,0,0,0,0,0,24,0,22,21,22
ASV_16S_586,11,27,15,10,107,0,0,18,35,0,0,0
ASV_16S_587,40,0,35,17,0,12,35,0,17,0,0,0
ASV_16S_588,34,30,0,0,0,32,24,0,0,0,29,21
ASV_16S_589,22,0,0,0,0,28,18,25,0,0,23,28
ASV_16S_590,22,0,0,0,0,33,27,19,0,0,34,0
ASV_16S_591,0,0,0,0,0,36,0,23,12,0,36,0
ASV_16S_592,0,0,33,0,0,0,0,0,0,0,0,0
ASV_16S_593,24,24,0,0,0,21,0,21,0,0,31,22
ASV_16S_594,0,0,0,0,0,38,0,0,0,26,0,29
ASV_16S_595,21,0,11,0,0,14,24,0,12,21,12,22
ASV_16S_596,0,26,95,61,115,0,23,0,35,0,0,0
ASV_16S_597,23,0,0,0,0,0,0,0,24,0,33,0
ASV_16S_598,18,0,0,0,0,0,0,20,0,0,21,19
ASV_16S_599,15,13,11,24,17,10,19,0,0,16,0,14
ASV_16S_600,14,0,0,11,18,0,51,17,0,28,20,22
ASV_16S_601,0,0,45,44,0,0,0,0,0,0,0,0
ASV_16S_602,9,0,13,0,0,12,29,25,10,0,15,28
ASV_16S_603,0,19,0,0,15,0,34,23,16,20,0,0
ASV_16S_604,0,0,0,0,0,17,31,23,0,0,40,20
ASV_16S_605,12,0,0,8,0,18,21,17,0,0,21,21
ASV_16S_606,0,0,19,0,18,0,0,0,0,0,0,0
ASV_16S_607,19,0,17,0,0,11,20,0,10,0,0,21
ASV_16S_608,29,0,0,0,0,0,0,0,15,0,44,48
ASV_16S_609,0,52,0,0,0,0,0,0,0,0,0,0
ASV_16S_610,0,31,0,0,0,0,0,53,0,0,0,29
ASV_16S_611,0,0,46,52,0,0,0,0,0,0,0,0
ASV_16S_612,19,13,0,11,10,18,22,12,0,12,12,13
ASV_16S_613,0,0,0,0,0,0,14,13,0,0,0,0
ASV_16S_614,87,0,0,0,0,0,0,0,0,0,0,81
ASV_16S_615,0,18,0,0,0,13,16,16,11,0,19,18
ASV_16S_616,22,0,0,7,0,17,22,16,16,18,16,0
ASV_16S_617,20,0,98,0,31,15,0,0,20,0,16,0
ASV_16S_618,17,10,0,0,0,0,12,22,9,18,19,23
ASV_16S_619,28,0,7,0,0,0,26,18,0,21,15,21
ASV_16S_620,16,20,0,16,0,6,15,15,0,11,14,14
ASV_16S_621,0,21,0,0,0,0,0,0,25,26,44,0
ASV_16S_622,10,23,0,0,0,0,0,22,0,17,23,14
ASV_16S_623,0,0,0,0,0,0,37,0,0,30,30,34
ASV_16S_624,0,0,0,0,0,41,17,32,0,21,0,23
ASV_16S_625,0,40,72,51,167,0,0,0,0,0,0,0
ASV_16S_626,0,0,0,0,0,21,23,24,0,37,27,24
ASV_16S_627,61,46,0,0,0,0,0,0,0,0,45,43
ASV_16S_628,34,0,0,0,0,31,42,25,0,0,0,33
ASV_16S_629,0,12,66,140,166,0,0,0,0,0,0,0
ASV_16S_630,0,0,19,0,0,10,22,12,0,9,25,15
ASV_16S_631,0,0,0,0,0,0,0,0,0,0,0,0
ASV_16S_632,0,0,44,0,121,0,18,43,0,0,0,0
ASV_16S_633,0,0,0,0,0,0,0,15,0,0,25,0
ASV_16S_634,0,0,0,0,49,0,0,0,0,0,0,39
ASV_16S_635,0,0,93,244,82,0,0,0,0,0,0,0
ASV_16S_636,17,12,0,0,0,17,18,8,0,0,24,17
ASV_16S_637,23,0,0,0,0,14,19,0,0,21,29,41
ASV_16S_638,0,0,0,0,0,11,11,12,0,27,23,21
ASV_16S_639,15,0,30,0,20,8,25,0,9,10,10,12
ASV_16S_640,0,0,0,0,0,0,45,43,0,0,0,0
ASV_16S_641,16,0,0,0,6,0,0,21,15,17,0,14
ASV_16S_642,17,0,0,0,0,0,0,12,0,21,36,19
ASV_16S_643,35,39,0,0,0,26,25,0,0,0,38,25
ASV_16S_644,51,0,0,0,0,38,45,0,0,0,42,37
ASV_16S_645,15,13,0,11,0,19,16,15,5,14,19,13
ASV_16S_646,0,0,138,86,157,0,0,0,0,0,0,0
ASV_16S_647,31,0,0,0,0,0,33,23,15,0,20,27
ASV_16S_648,45,0,0,0,0,0,0,0,42,0,0,0
ASV_16S_649,17,14,11,21,0,8,11,9,0,0,17,14
ASV_16S_650,27,0,0,25,0,0,15,0,0,0,14,19
ASV_16S_651,47,0,0,0,0,30,42,56,0,0,28,55
ASV_16S_652,0,0,0,32,0,19,24,0,0,0,0,20
ASV_16S_653,0,37,0,0,0,38,0,54,0,38,23,37
ASV_16S_654,0,0,300,68,32,0,0,0,0,0,0,0
ASV_16S_655,0,0,0,0,0,0,39,15,0,0,30,23
ASV_16S_656,0,0,0,0,0,16,0,17,13,0,28,27
ASV_16S_657,0,0,0,0,0,0,0,0,0,0,0,0
ASV_16S_658,0,0,0,27,0,0,0,0,0,41,44,0
ASV_16S_659,0,0,0,0,0,0,0,27,0,0,0,0
ASV_16S_660,0,0,0,0,0,0,0,0,40,0,0,20
ASV_16S_661,19,0,0,0,0,13,0,0,0,20,12,18
ASV_16S_662,35,0,0,0,0,0,11,11,0,26,29,35
ASV_16S_663,0,0,123,116,117,0,0,0,0,0,0,0
ASV_16S_664,0,14,0,0,0,0,19,21,14,26,20,21
ASV_16S_665,15,0,0,16,0,0,19,0,0,14,15,24
ASV_16S_666,0,0,90,108,31,0,0,0,0,0,0,0
ASV_16S_667,12,17,0,0,0,14,0,12,0,14,21,22
ASV_16S_668,15,13,0,0,0,13,0,15,0,0,21,17
ASV_16S_669,0,8,0,0,0,0,21,8,0,14,14,21
ASV_16S_670,0,0,44,39,10,0,0,0,0,0,0,0
ASV_16S_671,43,0,0,0,0,45,52,0,0,14,0,0
ASV_16S_672,38,0,20,0,23,0,0,0,0,0,50,0
ASV_16S_673,26,15,0,0,0,31,0,17,0,22,19,0
ASV_16S_674,0,0,0,0,0,0,0,0,0,0,0,0
ASV_16S_675,21,0,0,0,0,15,0,17,11,0,14,18
ASV_16S_676,9,10,177,61,31,0,0,0,13,0,5,0
ASV_16S_677,18,12,0,12,0,18,17,13,0,11,20,23
ASV_16S_678,34,21,0,0,0,27,33,22,0,18,0,0
ASV_16S_679,0,0,108,154,108,0,0,0,0,0,0,0
ASV_16S_680,0,0,0,0,0,0,0,0,0,0,0,27
ASV_16S_681,27,0,0,0,0,20,21,37,0,0,0,0
ASV_16S_682,12,0,0,0,27,0,0,0,0,0,0,0
ASV_16S_683,23,0,0,13,0,19,19,0,0,0,0,16
ASV_16S_684,16,8,0,0,0,14,20,17,0,9,21,12
ASV_16S_685,31,0,0,0,0,0,32,24,0,0,25,25
ASV_16S_686,31,0,0,0,0,32,22,0,0,22,18,26
ASV_16S_687,16,11,0,0,0,0,18,15,9,14,12,10
ASV_16S_688,37,19,0,0,0,0,34,0,0,27,0,41
ASV_16S_689,39,0,0,0,0,0,0,0,0,0,41,42
ASV_16S_690,0,0,16,18,0,0,0,0,0,0,0,0
ASV_16S_691,0,0,0,0,0,0,26,0,0,0,0,30
ASV_16S_692,15,20,0,11,0,17,18,12,7,7,18,17
ASV_16S_693,14,10,0,11,0,13,11,10,7,10,10,12
ASV_16S_694,0,13,0,0,0,18,24,0,0,16,14,19
ASV_16S_695,0,0,0,0,0,0,0,0,0,0,0,0
ASV_16S_696,0,0,0,0,0,0,19,0,0,0,21,19
ASV_16S_697,0,0,0,0,0,0,33,0,0,0,11,0
ASV_16S_698,13,0,0,13,5,0,0,0,0,0,10,9
ASV_16S_699,0,0,0,0,0,0,31,25,0,0,0,0
ASV_16S_700,18,0,0,0,0,0,0,0,20,19,0,0
ASV_16S_701,0,0,114,43,50,0,0,0,0,0,0,0
ASV_16S_702,0,0,0,0,0,0,0,0,0,0,0,0
ASV_16S_703,0,0,0,36,0,0,30,0,0,0,0,0
ASV_16S_704,0,10,0,0,0,10,13,8,14,17,16,11
ASV_16S_705,21,0,0,0,0,0,22,0,0,0,25,30
ASV_16S_706,14,0,13,0,18,16,0,22,0,0,0,22
ASV_16S_707,0,0,0,0,0,0,0,0,0,21,0,0
ASV_16S_708,0,0,22,74,151,0,0,0,0,0,0,0
ASV_16S_709,0,0,0,0,0,0,0,0,0,0,0,0
ASV_16S_710,0,0,0,0,0,0,0,0,0,0,0,0
ASV_16S_711,0,0,0,0,0,0,47,49,0,0,0,0
ASV_16S_712,27,0,0,0,0,0,0,0,0,0,0,24
ASV_16S_713,19,12,0,10,0,9,0,12,0,11,11,17
ASV_16S_714,32,27,17,29,65,0,39,0,0,0,31,0
ASV_16S_715,0,0,0,0,0,30,0,0,0,0,33,49
ASV_16S_716,0,0,40,37,0,0,0,0,0,0,0,0
ASV_16S_717,20,11,12,15,6,0,14,9,0,0,11,16
ASV_16S_718,14,0,0,0,0,13,0,16,0,0,19,23
ASV_16S_719,8,10,0,9,0,19,10,9,7,10,15,17
ASV_16S_720,15,11,0,0,0,0,14,0,0,13,12,14
ASV_16S_721,0,22,0,0,0,0,29,0,0,0,24,32
ASV_16S_722,12,0,4,0,0,16,24,17,0,16,0,26
ASV_16S_723,49,0,38,0,0,0,46,0,0,32,0,0
ASV_16S_724,0,12,0,8,0,15,21,17,0,7,21,12
ASV_16S_725,0,0,0,0,0,0,0,0,0,0,61,0
ASV_16S_726,0,0,0,0,0,0,0,0,0,0,0,45
ASV_16S_727,0,0,0,0,0,0,0,0,0,19,15,0
ASV_16S_728,0,13,0,0,0,0,21,25,0,0,0,16
ASV_16S_729,13,16,0,0,0,0,13,15,11,0,19,22
ASV_16S_730,0,0,0,0,0,26,37,35,40,0,0,33
ASV_16S_731,0,0,27,28,68,0,0,0,0,0,0,0
ASV_16S_732,17,7,0,0,0,0,20,10,11,0,9,18
ASV_16S_733,15,12,0,0,0,15,17,0,14,0,16,12
ASV_16S_734,0,0,0,0,0,34,40,31,0,0,26,26
ASV_16S_735,13,10,7,10,8,0,25,20,0,12,15,0
ASV_16S_736,0,0,46,141,71,0,0,0,0,0,0,0
ASV_16S_737,0,7,0,0,0,0,23,0,0,9,0,20
ASV_16S_738,14,0,0,13,0,18,15,0,0,6,15,17
ASV_16S_739,13,6,0,0,0,9,12,10,7,9,12,16
ASV_16S_740,11,0,11,5,33,3,6,4,8,0,0,0
ASV_16S_741,0,0,0,0,0,0,0,0,0,0,0,0
ASV_16S_742,15,17,0,12,0,10,0,11,0,0,16,8
ASV_16S_743,0,0,0,0,0,0,0,0,0,0,0,0
ASV_16S_744,17,8,0,0,0,12,12,11,0,10,17,14
ASV_16S_745,23,0,0,0,0,0,20,26,0,21,22,18
ASV_16S_746,0,0,0,0,0,0,0,0,0,0,0,0
ASV_16S_747,6,7,55,61,111,0,0,0,6,0,0,0
ASV_16S_748,19,11,0,0,0,18,29,8,0,11,28,17
ASV_16S_749,11,15,0,0,0,11,15,20,0,0,22,22
ASV_16S_750,0,9,11,0,0,10,13,6,10,0,7,5
ASV_16S_751,18,15,0,0,0,9,24,13,0,14,18,17
ASV_16S_752,0,11,0,17,48,14,22,0,0,0,0,7
ASV_16S_753,77,32,0,0,0,0,0,0,0,0,0,0
ASV_16S_754,36,0,0,0,0,0,29,0,0,0,43,0
ASV_16S_755,0,0,0,0,0,0,0,0,0,0,0,0
ASV_16S_756,12,10,0,6,0,8,7,7,0,20,15,0
ASV_16S_757,32,0,0,0,0,30,0,30,0,0,26,0
ASV_16S_758,25,0,0,0,0,27,23,0,11,0,38,22
ASV_16S_759,10,10,0,0,0,0,17,11,0,13,11,15
ASV_16S_760,0,18,0,0,0,31,18,21,0,0,8,13
ASV_16S_761,24,9,7,0,0,9,12,12,11,10,12,0
ASV_16S_762,0,0,0,0,0,0,0,0,0,21,19,23
ASV_16S_763,0,0,57,87,107,0,0,0,0,0,0,0
ASV_16S_764,0,21,0,0,0,43,41,0,0,0,0,0
ASV_16S_765,26,0,0,0,0,0,18,0,12,9,33,22
ASV_16S_766,0,11,0,0,0,16,18,0,0,0,0,0
ASV_16S_767,22,13,0,0,0,0,21,0,0,12,0,0
ASV_16S_768,0,0,56,0,17,0,0,0,0,0,0,0
ASV_16S_769,0,0,0,0,0,0,0,0,0,0,0,45
ASV_16S_770,0,0,0,0,0,0,0,0,0,0,0,0
ASV_16S_771,12,0,0,0,0,16,30,18,0,21,0,26
ASV_16S_772,28,0,0,0,0,0,30,26,0,23,25,0
ASV_16S_773,24,18,0,0,0,0,24,0,0,0,17,0
ASV_16S_774,21,14,0,0,0,0,19,0,11,0,0,0
ASV_16S_775,0,0,0,0,0,0,28,0,0,0,0,37
ASV_16S_776,37,0,0,19,0,14,29,0,0,0,27,32
ASV_16S_777,33,0,0,0,0,0,36,41,0,47,38,0
ASV_16S_778,23,0,0,0,0,0,26,0,19,0,26,27
ASV_16S_779,0,0,0,0,0,0,0,22,23,0,27,0
ASV_16S_780,20,36,0,0,0,0,0,0,0,12,28,0
ASV_16S_781,16,0,0,0,0,15,15,0,0,15,26,14
ASV_16S_782,15,14,0,0,5,0,17,12,0,0,15,0
ASV_16S_783,0,0,68,118,100,0,0,0,0,0,0,0
ASV_16S_784,0,0,41,30,54,0,0,0,0,0,0,0
ASV_16S_785,15,21,0,0,0,13,18,17,0,15,0,0
ASV_16S_786,0,0,62,70,96,0,0,0,0,0,0,0
ASV_16S_787,0,0,58,75,103,0,0,0,0,0,0,0
ASV_16S_788,0,0,0,0,0,0,0,0,0,0,0,0
ASV_16S_789,30,18,0,0,0,0,42,26,0,0,0,26
ASV_16S_790,0,0,0,0,0,0,0,0,0,0,0,0
ASV_16S_791,0,0,0,0,0,12,13,13,14,14,19,11
ASV_16S_792,0,0,0,0,0,13,27,0,0,0,24,22
ASV_16S_793,0,0,33,7,13,0,0,0,0,0,0,0
ASV_16S_794,0,0,0,0,22,0,0,0,0,0,39,0
ASV_16S_795,11,29,0,17,0,0,15,0,0,0,0,13
ASV_16S_796,25,0,0,0,0,0,38,28,0,0,0,0
ASV_16S_797,20,0,0,0,0,0,0,0,0,0,0,14
ASV_16S_798,25,0,0,0,0,0,31,0,0,0,31,13
ASV_16S_799,0,0,0,0,0,0,0,0,0,0,0,0
ASV_16S_800,34,0,65,0,0,0,0,0,0,0,0,0
ASV_16S_801,0,40,0,0,0,0,0,0,0,0,0,0
ASV_16S_802,0,0,0,0,0,11,0,16,0,15,12,17
ASV_16S_803,20,0,0,0,0,13,16,11,0,0,20,18
ASV_16S_804,0,0,0,50,0,28,0,34,0,0,28,0
ASV_16S_805,0,0,0,0,0,0,0,0,0,0,0,0
ASV_16S_806,17,0,0,0,0,31,38,49,0,0,0,0
ASV_16S_807,11,10,0,0,0,0,14,0,9,0,0,11
ASV_16S_808,0,0,0,0,0,0,0,0,0,0,0,0
ASV_16S_809,0,9,0,0,0,0,0,0,0,0,0,0
ASV_16S_810,0,0,52,0,38,0,22,19,0,0,0,0
ASV_16S_811,30,0,0,0,0,0,0,0,0,0,0,0
ASV_16S_812,0,0,0,0,0,0,0,0,0,0,0,0
ASV_16S_813,27,31,0,0,0,17,15,0,20,0,0,15
ASV_16S_814,11,11,0,7,0,9,10,8,4,7,13,4
ASV_16S_815,16,9,0,0,0,10,10,0,0,11,18,11
ASV_16S_816,10,0,0,0,0,12,18,9,0,9,13,13
ASV_16S_817,4,0,88,39,73,0,0,0,0,0,0,0
ASV_16S_818,0,23,0,0,0,0,0,0,0,22,0,0
ASV_16S_819,0,0,0,0,0,0,0,0,0,0,0,0
ASV_16S_820,18,0,0,0,4,0,13,14,0,4,22,16
ASV_16S_821,0,0,12,0,0,3,14,0,0,11,0,11
ASV_16S_822,0,0,0,0,0,0,0,0,0,0,0,0
ASV_16S_823,0,0,20,0,0,25,0,0,0,0,37,0
ASV_16S_824,0,0,0,0,0,15,29,31,0,0,0,25
ASV_16S_825,0,0,0,0,0,15,0,14,0,14,17,0
ASV_16S_826,9,0,0,10,0,7,0,12,0,0,10,18
ASV_16S_827,8,7,0,0,0,10,0,6,0,9,10,12
ASV_16S_828,29,12,0,0,0,0,21,0,0,0,0,19
ASV_16S_829,14,11,0,0,0,18,14,13,0,0,22,0
ASV_16S_830,0,18,0,0,0,11,0,0,0,17,9,14
ASV_16S_831,0,0,0,0,0,36,0,0,0,0,38,46
ASV_16S_832,0,0,59,123,59,0,0,0,0,0,0,0
ASV_16S_833,13,13,2,0,0,15,0,9,0,10,0,0
ASV_16S_834,20,0,0,0,0,0,0,0,0,14,11,18
ASV_16S_835,0,0,0,0,0,0,0,0,0,0,0,0
ASV_16S_836,13,7,0,0,0,10,11,12,0,10,15,7
ASV_16S_837,12,12,0,7,0,7,14,4,0,0,17,15
ASV_16S_838,10,0,0,0,0,25,23,18,0,0,28,0
ASV_16S_839,24,0,0,0,0,21,28,0,0,0,32,0
ASV_16S_840,0,0,0,0,0,0,24,0,0,0,27,29
ASV_16S_841,0,0,0,41,0,0,35,0,0,0,0,37
ASV_16S_842,0,0,0,0,0,0,0,26,0,0,0,0
ASV_16S_843,0,26,0,0,0,0,0,0,0,0,0,0
ASV_16S_844,0,17,0,0,0,10,0,0,0,0,0,0
ASV_16S_845,0,0,0,0,0,10,0,0,9,15,16,16
ASV_16S_846,0,0,49,63,45,0,0,0,0,0,0,0
ASV_16S_847,0,16,0,0,0,0,0,0,0,0,12,21
ASV_16S_848,6,7,0,0,0,12,15,15,0,0,14,7
ASV_16S_849,0,0,49,0,0,0,0,65,0,0,0,0
ASV_16S_850,0,0,0,0,0,25,0,0,0,0,0,41
ASV_16S_851,0,0,0,0,0,0,0,0,0,0,0,0
ASV_16S_852,0,0,0,0,0,12,15,12,0,0,0,9
ASV_16S_853,15,35,0,0,0,0,32,13,0,0,15,20
ASV_16S_854,0,0,0,0,0,0,0,0,5,0,0,0
ASV_16S_855,0,0,0,0,0,0,0,0,0,0,0,0
ASV_16S_856,7,6,0,0,0,7,10,0,0,5,17,11
ASV_16S_857,0,0,0,0,0,26,0,0,0,0,19,26
ASV_16S_858,0,0,8,0,0,0,0,0,0,0,0,0
ASV_16S_859,17,0,0,0,0,0,28,0,0,0,0,21
ASV_16S_860,17,10,0,0,0,16,0,11,0,0,0,0
ASV_16S_861,9,0,0,0,0,0,9,0,0,7,19,12
ASV_16S_862,8,0,0,0,0,0,0,0,0,0,0,6
ASV_16S_863,14,21,0,0,0,0,11,19,0,0,0,14
ASV_16S_864,0,0,0,0,0,0,0,17,0,0,0,0
ASV_16S_865,0,0,0,0,0,0,0,0,0,0,0,0
ASV_16S_866,33,0,0,42,0,0,0,0,0,0,0,0
ASV_16S_867,15,22,0,0,0,9,8,0,0,0,16,16
ASV_16S_868,0,0,0,0,0,0,0,0,0,0,0,0
ASV_16S_869,0,0,0,0,0,0,0,0,0,0,0,0
ASV_16S_870,0,0,0,10,0,0,0,0,0,0,0,15
ASV_16S_871,39,0,0,0,0,0,37,0,0,32,41,0
ASV_16S_872,0,0,0,0,0,19,22,0,0,0,0,16
ASV_16S_873,0,0,170,25,35,0,0,0,0,0,0,0
ASV_16S_874,16,0,0,0,0,0,0,11,0,0,20,14
ASV_16S_875,0,0,0,0,0,0,0,0,0,0,0,0
ASV_16S_876,0,0,0,0,24,0,0,0,0,0,0,0
ASV_16S_877,0,0,0,65,0,0,0,0,0,0,26,0
ASV_16S_878,0,13,0,0,0,0,8,16,0,0,15,0
ASV_16S_879,11,10,0,0,0,13,14,16,5,10,16,6
ASV_16S_880,0,0,0,0,0,28,0,21,0,10,0,22
ASV_16S_881,14,0,0,0,0,0,0,13,0,0,0,16
ASV_16S_882,18,9,0,0,0,0,0,0,29,0,0,0
ASV_16S_883,33,31,0,0,0,0,0,0,12,0,0,18
ASV_16S_884,13,0,0,0,0,13,19,0,0,14,14,10
ASV_16S_885,0,0,0,0,7,0,18,16,0,9,0,11
ASV_16S_886,18,0,0,0,0,0,0,0,0,25,0,0
ASV_16S_887,0,23,0,0,0,0,27,26,0,0,29,0
ASV_16S_888,0,0,30,0,0,0,0,0,0,0,0,0
ASV_16S_889,15,0,0,0,14,11,0,0,10,0,20,0
ASV_16S_890,17,0,0,10,0,13,17,0,0,0,0,13
ASV_16S_891,11,8,0,13,0,8,0,0,0,10,0,12
ASV_16S_892,0,0,101,37,28,0,0,0,0,0,0,0
ASV_16S_893,0,0,0,0,0,0,0,0,0,0,0,0
ASV_16S_894,14,5,0,0,0,14,0,7,0,0,13,19
ASV_16S_895,0,0,0,0,0,0,0,0,0,0,0,0
ASV_16S_896,0,0,0,0,9,0,25,0,0,0,24,0
ASV_16S_897,15,7,0,0,0,15,15,0,0,0,10,0
ASV_16S_898,19,0,0,0,0,0,17,0,0,0,16,0
ASV_16S_899,0,0,35,32,61,0,0,0,0,0,0,0
ASV_16S_900,0,0,57,81,79,0,0,0,0,0,0,0
ASV_16S_901,12,0,0,0,0,0,13,11,7,0,9,7
ASV_16S_902,0,0,0,0,0,0,16,11,9,0,19,15
ASV_16S_903,0,0,0,0,0,0,0,0,0,0,0,0
ASV_16S_904,0,0,86,74,55,0,0,0,0,0,0,0
ASV_16S_905,0,0,0,0,0,0,0,0,0,0,0,0
ASV_16S_906,0,0,0,0,0,0,16,0,32,0,21,20
ASV_16S_907,0,0,0,0,0,0,0,25,0,0,0,0
ASV_16S_908,0,45,0,0,0,0,0,0,0,0,0,0
ASV_16S_909,29,0,0,0,0,0,0,0,0,0,40,0
ASV_16S_910,0,29,0,0,0,0,27,0,0,0,41,0
ASV_16S_911,0,0,0,0,0,0,0,0,0,0,0,0
ASV_16S_912,0,0,0,0,0,0,9,14,0,0,18,10
ASV_16S_913,0,15,0,6,0,0,0,15,0,12,0,8
ASV_16S_914,12,14,0,0,0,0,0,0,0,10,16,13
ASV_16S_915,0,14,0,10,0,0,0,0,0,0,0,0
ASV_16S_916,0,0,0,0,0,0,0,0,0,0,0,0
ASV_16S_917,65,0,0,0,0,0,63,0,0,0,0,0
ASV_16S_918,16,0,0,0,0,0,0,0,0,37,21,0
ASV_16S_919,9,11,0,4,0,13,8,15,0,10,18,14
ASV_16S_920,0,0,18,0,0,0,0,0,0,14,0,0
ASV_16S_921,0,0,0,0,0,26,17,0,12,0,0,0
ASV_16S_922,11,0,31,10,20,14,15,12,0,0,0,0
ASV_16S_923,21,22,14,0,11,22,0,14,0,0,0,25
ASV_16S_924,0,0,0,0,0,0,0,0,0,0,0,0
ASV_16S_925,13,6,2,3,0,9,12,13,0,5,6,7
ASV_16S_926,0,3,0,143,0,0,0,0,0,0,0,0
ASV_16S_927,0,0,0,0,0,23,0,0,0,0,0,27
ASV_16S_928,0,0,27,32,15,0,0,0,0,0,0,0
ASV_16S_929,13,17,0,0,0,8,8,0,4,7,0,0
ASV_16S_930,10,5,5,10,0,11,8,6,6,0,14,0
ASV_16S_931,0,0,0,0,0,0,0,0,0,0,0,0
ASV_16S_932,7,0,0,0,0,0,16,10,0,0,18,0
ASV_16S_933,0,23,0,0,0,0,44,0,0,0,0,0
ASV_16S_934,22,0,0,0,0,21,27,0,0,0,0,21
ASV_16S_935,10,0,0,0,0,0,0,0,0,0,0,18
ASV_16S_936,0,5,0,0,0,11,0,10,0,0,0,0
ASV_16S_937,0,0,0,0,0,0,23,22,0,0,0,24
ASV_16S_938,0,0,0,0,0,0,0,0,0,0,0,0
ASV_16S_939,0,0,0,0,0,0,27,0,0,0,0,0
ASV_16S_940,0,0,17,25,0,0,0,0,0,0,0,0
ASV_16S_941,13,8,0,0,0,9,12,8,7,0,0,20
ASV_16S_942,0,0,0,0,0,0,28,0,0,0,0,0
ASV_16S_943,0,0,0,0,0,0,34,37,0,0,0,0
ASV_16S_944,0,0,0,0,0,0,22,0,0,0,23,21
ASV_16S_945,0,0,36,44,101,0,0,0,0,0,0,0
ASV_16S_946,0,0,0,0,0,0,0,0,0,0,19,16
ASV_16S_947,12,10,0,0,0,11,17,0,0,6,9,0
ASV_16S_948,0,24,0,0,0,24,0,33,0,16,0,0
ASV_16S_949,0,0,53,91,45,0,0,0,0,0,0,0
ASV_16S_950,0,0,50,54,85,0,0,0,0,0,0,0
ASV_16S_951,0,0,0,0,0,0,0,0,0,0,0,0
ASV_16S_952,8,0,20,24,14,0,0,10,0,0,0,9
ASV_16S_953,0,0,0,0,0,6,10,0,0,0,7,14
ASV_16S_954,28,0,0,12,0,0,0,0,0,26,0,0
ASV_16S_955,0,0,0,0,0,22,0,0,0,0,17,0
ASV_16S_956,0,0,0,19,152,0,0,0,0,0,0,0
ASV_16S_957,0,0,0,0,0,0,0,0,0,0,0,0
ASV_16S_958,9,9,0,0,0,0,11,9,6,0,8,7
ASV_16S_959,47,0,0,0,0,0,10,0,0,0,0,0
ASV_16S_960,0,21,0,0,0,0,0,11,0,0,19,0
ASV_16S_961,0,0,0,0,0,0,6,0,0,0,7,23
ASV_16S_962,0,0,0,0,0,0,0,0,0,0,21,12
ASV_16S_963,12,10,13,0,0,16,0,0,0,0,17,9
ASV_16S_964,5,10,0,8,0,14,12,9,0,0,0,0
ASV_16S_965,0,0,0,0,0,0,0,0,0,0,0,0
ASV_16S_966,19,0,0,0,0,0,21,0,0,0,0,0
ASV_16S_967,0,0,0,0,0,18,0,0,0,0,21,25
ASV_16S_968,0,0,93,33,19,0,0,0,0,0,0,0
ASV_16S_969,0,0,16,102,12,0,0,0,0,0,0,0
ASV_16S_970,0,0,0,0,0,0,0,0,0,0,0,11
ASV_16S_971,0,0,0,0,0,20,18,0,0,8,0,0
ASV_16S_972,0,0,0,0,0,0,26,12,0,11,20,0
ASV_16S_973,0,0,0,0,0,0,0,0,0,0,0,0
ASV_16S_974,0,21,0,0,0,9,0,0,0,0,7,13
ASV_16S_975,0,9,0,0,0,7,16,12,0,0,0,13
ASV_16S_976,0,19,0,0,0,0,0,0,0,0,0,24
ASV_16S_977,14,0,0,0,0,9,10,8,0,10,0,0
ASV_16S_978,7,6,0,0,0,8,8,4,5,9,16,6
ASV_16S_979,6,8,0,0,0,0,8,8,0,9,0,11
ASV_16S_980,10,12,0,0,0,6,16,7,0,0,6,9
ASV_16S_981,0,0,26,17,17,0,0,0,0,0,0,0
ASV_16S_982,0,0,0,0,0,0,0,0,0,0,0,36
ASV_16S_983,31,0,0,0,0,0,0,0,0,0,0,0
ASV_16S_984,0,17,0,0,0,10,13,0,0,0,26,0
ASV_16S_985,0,0,0,0,0,0,36,0,0,0,0,0
ASV_16S_986,0,0,0,0,0,0,0,7,0,0,9,14
ASV_16S_987,0,11,0,0,0,22,11,6,0,0,10,26
ASV_16S_988,0,0,0,0,0,0,0,0,0,0,0,0
ASV_16S_989,13,0,8,0,0,10,9,0,11,0,15,0
ASV_16S_990,0,0,42,0,29,0,0,0,0,0,0,0
ASV_16S_991,0,0,11,0,8,0,13,15,0,0,0,0
ASV_16S_992,0,0,0,0,0,0,0,34,0,0,0,40
ASV_16S_993,0,0,0,19,0,0,0,16,13,0,0,24
ASV_16S_994,11,0,0,0,0,0,14,0,0,0,9,0
ASV_16S_995,0,0,0,0,0,0,0,0,0,35,41,0
ASV_16S_996,0,0,0,0,0,0,0,0,0,22,23,0
ASV_16S_997,0,0,134,37,0,0,0,0,0,0,0,0
ASV_16S_998,0,0,18,0,0,0,0,0,0,0,0,0
ASV_16S_999,0,0,12,17,20,0,0,0,0,0,0,0
ASV_16S_1000,17,0,0,0,0,17,18,19,8,0,0,10
ASV_16S_1001,8,0,0,0,0,0,0,0,20,0,18,0
ASV_16S_1002,0,0,0,0,0,14,22,0,11,0,0,15
ASV_16S_1003,0,0,0,0,0,0,0,0,0,0,0,0
ASV_16S_1004,11,0,0,0,0,0,0,0,0,9,13,17
ASV_16S_1005,20,23,0,0,0,0,22,0,0,0,15,21
ASV_16S_1006,14,0,0,0,0,7,12,0,0,0,0,0
ASV_16S_1007,0,0,17,0,0,18,0,0,0,26,0,0
ASV_16S_1008,0,25,0,0,0,0,0,20,0,0,0,0
ASV_16S_1009,0,0,0,0,0,0,0,0,0,0,0,0
ASV_16S_1010,5,0,0,0,0,0,0,0,13,0,0,0
ASV_16S_1011,0,22,0,0,0,0,20,0,0,0,0,0
ASV_16S_1012,11,0,0,0,0,11,4,0,8,5,0,4
ASV_16S_1013,0,0,0,16,0,0,0,0,0,0,0,29
ASV_16S_1014,0,0,0,0,0,0,0,0,0,0,37,0
ASV_16S_1015,0,0,0,0,0,0,0,20,0,0,16,12
ASV_16S_1016,0,0,0,0,0,0,32,0,0,0,0,0
ASV_16S_1017,15,0,0,0,0,16,0,0,0,0,21,0
ASV_16S_1018,14,0,0,0,0,0,0,0,0,0,0,0
ASV_16S_1019,0,0,0,0,0,0,0,0,0,0,0,0
ASV_16S_1020,0,0,0,0,0,17,0,0,0,0,0,12
ASV_16S_1021,0,0,0,0,0,0,0,15,0,0,0,36
ASV_16S_1022,0,0,126,28,0,0,0,0,0,0,0,0
ASV_16S_1023,0,0,0,0,0,0,0,0,0,0,55,38
ASV_16S_1024,0,0,0,0,0,0,0,0,0,0,0,0
ASV_16S_1025,0,0,0,0,0,0,0,0,0,0,0,0
ASV_16S_1026,0,16,0,0,0,0,17,0,0,0,0,0
ASV_16S_1027,0,0,0,0,0,12,0,0,0,0,0,0
ASV_16S_1028,8,0,0,0,0,11,10,15,9,12,0,0
ASV_16S_1029,16,11,0,0,0,13,0,0,0,0,22,0
ASV_16S_1030,25,0,0,0,0,0,0,0,0,0,19,18
ASV_16S_1031,11,0,5,10,0,0,0,0,8,0,31,13
ASV_16S_1032,13,11,0,0,0,13,15,0,0,7,0,0
ASV_16S_1033,8,0,0,0,0,8,12,8,0,0,8,4
ASV_16S_1034,0,0,0,0,0,0,0,0,0,0,0,0
ASV_16S_1035,0,0,0,0,0,0,0,0,0,0,0,33
ASV_16S_1036,0,0,0,0,0,0,0,0,9,11,13,0
ASV_16S_1037,0,0,35,16,65,0,0,0,0,0,0,0
ASV_16S_1038,0,26,0,0,0,0,0,0,0,0,0,0
ASV_16S_1039,0,0,0,0,0,0,0,0,0,0,0,0
ASV_16S_1040,0,20,0,0,0,0,0,0,0,0,0,0
ASV_16S_1041,0,0,10,0,0,0,0,0,0,10,0,27
ASV_16S_1042,0,0,0,68,89,0,0,0,0,0,0,0
ASV_16S_1043,0,0,0,0,0,0,0,0,0,0,0,0
ASV_16S_1044,0,10,0,0,0,13,16,5,0,0,8,0
ASV_16S_1045,9,0,0,5,0,0,0,10,4,0,9,8
ASV_16S_1046,0,0,0,12,0,0,0,0,0,0,0,0
ASV_16S_1047,0,0,0,0,0,0,0,0,0,0,0,0
ASV_16S_1048,0,0,0,0,0,0,0,0,0,0,0,0
ASV_16S_1049,72,0,0,0,0,0,0,0,0,0,0,0
ASV_16S_1050,0,0,0,0,0,0,0,0,0,0,0,0
ASV_16S_1051,0,0,0,0,0,0,0,0,0,0,0,0
ASV_16S_1052,0,0,0,0,0,0,0,0,0,0,0,0
ASV_16S_1053,0,0,91,24,38,0,0,0,0,0,0,0
ASV_16S_1054,0,11,0,0,0,14,0,0,11,17,0,0
ASV_16S_1055,7,0,0,0,0,0,0,11,6,6,13,11
ASV_16S_1056,11,7,0,0,3,0,8,7,0,0,9,7
ASV_16S_1057,25,0,0,0,28,0,0,0,0,0,23,0
ASV_16S_1058,0,0,0,0,0,0,0,0,0,0,0,0
ASV_16S_1059,0,0,0,0,0,0,0,0,0,0,18,0
ASV_16S_1060,25,0,0,0,0,0,0,0,0,0,0,0
ASV_16S_1061,0,0,0,0,0,5,0,0,15,0,15,0
ASV_16S_1062,15,0,0,0,0,0,0,0,0,9,0,14
ASV_16S_1063,0,0,0,0,0,11,0,18,0,15,17,9
ASV_16S_1064,0,0,0,0,0,0,0,0,0,21,0,0
ASV_16S_1065,0,0,0,0,0,19,22,20,0,18,0,25
ASV_16S_1066,0,36,0,0,0,0,0,0,0,0,0,0
ASV_16S_1067,0,0,0,0,0,0,0,0,0,0,0,0
ASV_16S_1068,0,0,0,14,8,0,0,0,0,0,0,0
ASV_16S_1069,0,0,0,0,0,0,0,12,0,12,0,0
ASV_16S_1070,21,0,27,0,14,15,0,0,0,0,0,0
ASV_16S_1071,0,0,0,0,0,0,0,20,0,0,0,28
ASV_16S_1072,0,0,0,0,0,0,0,0,0,0,0,0
ASV_16S_1073,0,0,0,0,0,10,0,12,0,0,0,0
ASV_16S_1074,0,0,0,10,0,0,0,0,0,0,17,25
ASV_16S_1075,0,71,0,0,0,0,0,0,0,0,0,0
ASV_16S_1076,0,0,0,0,0,0,5,0,21,16,11,11
ASV_16S_1077,0,0,0,0,0,0,0,0,0,0,0,0
ASV_16S_1078,0,0,0,0,0,0,0,0,0,0,0,0
ASV_16S_1079,16,0,0,0,0,21,24,0,0,0,0,0
ASV_16S_1080,0,0,0,0,0,0,0,0,0,0,16,0
ASV_16S_1081,9,7,2,0,0,10,7,0,0,0,0,0
ASV_16S_1082,20,0,0,0,0,13,0,0,0,0,0,26
ASV_16S_1083,0,0,0,0,0,11,13,0,12,9,0,0
ASV_16S_1084,0,0,0,0,0,0,0,0,0,0,0,0
ASV_16S_1085,0,10,0,0,0,22,13,0,0,0,20,11
ASV_16S_1086,0,0,0,0,0,0,23,0,0,9,15,0
ASV_16S_1087,0,66,0,0,0,0,0,0,0,0,0,0
ASV_16S_1088,0,0,0,0,0,32,0,0,0,0,0,0
ASV_16S_1089,0,0,0,0,0,0,0,0,0,0,0,0
ASV_16S_1090,6,8,0,0,0,8,12,11,0,9,0,8
ASV_16S_1091,0,0,0,0,0,0,0,14,0,11,9,0
ASV_16S_1092,0,6,0,0,0,7,0,0,0,7,8,9
ASV_16S_1093,0,0,0,0,0,13,0,0,0,0,29,22
ASV_16S_1094,0,0,0,0,0,0,0,0,0,23,0,0
ASV_16S_1095,0,0,32,0,0,0,0,0,0,0,0,0
ASV_16S_1096,14,0,0,0,0,0,18,0,0,0,20,0
ASV_16S_1097,0,0,0,0,0,0,10,0,0,0,0,13
ASV_16S_1098,0,0,0,0,0,0,0,0,0,0,0,10
ASV_16S_1099,0,0,0,0,0,9,0,0,0,7,0,14
ASV_16S_1100,15,0,0,0,0,21,0,0,0,17,23,0
ASV_16S_1101,0,0,0,0,0,0,0,15,0,0,0,0
ASV_16S_1102,0,0,28,0,0,0,16,0,0,0,0,0
ASV_16S_1103,0,0,0,0,0,0,0,37,0,0,0,0
ASV_16S_1104,0,0,0,0,0,0,0,0,0,0,0,0
ASV_16S_1105,19,0,0,0,0,0,0,14,0,0,0,25
ASV_16S_1106,11,0,0,0,0,0,0,0,0,0,9,15
ASV_16S_1107,0,15,0,6,0,5,10,0,6,0,0,0
ASV_16S_1108,0,13,0,0,0,0,0,17,0,0,0,0
ASV_16S_1109,0,0,0,0,0,0,0,0,0,0,0,0
ASV_16S_1110,13,0,0,0,0,0,9,15,0,10,0,0
ASV_16S_1111,0,0,0,0,0,0,15,0,0,8,0,12
ASV_16S_1112,0,0,0,0,0,0,0,0,0,0,0,0
ASV_16S_1113,0,0,0,0,0,0,0,35,0,0,0,0
ASV_16S_1114,0,0,0,0,0,0,0,0,0,0,0,0
ASV_16S_1115,0,0,0,0,0,0,21,0,0,0,0,0
ASV_16S_1116,9,15,0,0,0,0,7,7,0,0,10,6
ASV_16S_1117,13,0,0,0,0,23,0,24,0,0,0,27
ASV_16S_1118,0,0,0,0,0,0,16,0,0,0,0,0
ASV_16S_1119,0,0,0,0,0,0,0,17,0,0,0,0
ASV_16S_1120,0,0,0,0,0,0,10,8,0,0,0,0
ASV_16S_1121,14,0,0,0,0,0,0,0,0,0,19,0
ASV_16S_1122,0,0,0,0,0,0,0,0,0,0,33,32
ASV_16S_1123,0,0,0,0,0,0,0,0,0,0,0,0
ASV_16S_1124,0,0,0,0,0,0,0,0,0,0,0,0
ASV_16S_1125,19,0,0,0,0,0,12,9,0,0,0,0
ASV_16S_1126,0,14,0,0,0,12,19,0,0,0,0,0
ASV_16S_1127,0,0,0,69,0,0,0,0,0,0,0,0
ASV_16S_1128,0,0,0,31,13,0,0,0,0,0,0,0
ASV_16S_1129,0,0,0,0,0,0,0,0,0,0,0,0
ASV_16S_1130,26,0,0,0,0,0,0,0,0,0,0,0
ASV_16S_1131,0,16,0,0,0,0,0,0,0,0,0,0
ASV_16S_1132,0,0,0,0,0,0,0,0,0,0,0,0
ASV_16S_1133,0,0,0,0,0,0,7,4,0,0,8,0
ASV_16S_1134,4,3,0,0,0,6,6,2,2,4,7,9
ASV_16S_1135,0,0,0,0,0,15,0,3,5,0,0,0
ASV_16S_1136,20,0,23,0,0,0,21,0,0,0,0,0
ASV_16S_1137,5,0,0,0,0,6,0,9,0,7,0,0
ASV_16S_1138,0,0,0,0,0,0,0,0,0,0,0,0
ASV_16S_1139,0,0,0,0,0,0,0,0,0,0,0,0
ASV_16S_1140,0,0,0,0,0,0,0,0,0,0,0,0
ASV_16S_1141,0,0,0,0,21,0,0,0,51,0,0,0
ASV_16S_1142,0,6,0,9,5,0,0,4,0,5,8,4
ASV_16S_1143,15,0,0,0,0,19,0,0,0,0,0,0
ASV_16S_1144,12,0,0,0,0,7,0,12,0,0,10,0
ASV_16S_1145,0,0,0,0,0,0,0,5,0,0,0,8
ASV_16S_1146,0,0,0,0,0,0,0,0,0,0,0,0
ASV_16S_1147,0,0,5,0,0,0,0,0,0,0,12,18
ASV_16S_1148,0,0,25,49,28,0,0,0,0,0,0,0
ASV_16S_1149,0,4,0,5,0,0,0,7,0,8,8,0
ASV_16S_1150,0,0,0,8,10,0,0,0,0,0,0,16
ASV_16S_1151,17,0,17,0,10,0,10,0,0,0,0,0
ASV_16S_1152,16,0,0,0,0,0,0,0,0,0,18,26
ASV_16S_1153,15,13,0,0,0,10,0,22,0,0,0,0
ASV_16S_1154,12,13,0,0,0,15,0,13,0,0,19,0
ASV_16S_1155,0,0,0,0,0,0,0,0,0,0,0,32
ASV_16S_1156,0,0,34,54,38,0,0,0,0,0,0,0
ASV_16S_1157,0,0,0,0,0,0,0,0,0,0,0,0
ASV_16S_1158,0,0,0,0,0,0,0,0,0,0,0,0
ASV_16S_1159,0,0,26,0,10,0,3,0,11,0,0,0
ASV_16S_1160,8,0,0,4,0,0,0,0,0,0,6,0
ASV_16S_1161,17,0,0,0,0,0,0,0,0,0,0,0
ASV_16S_1162,0,0,0,0,0,31,0,0,0,0,0,0
ASV_16S_1163,0,0,0,0,0,0,14,0,0,0,20,13
ASV_16S_1164,0,0,0,0,0,0,0,0,0,0,0,0
ASV_16S_1165,0,0,0,0,0,0,0,0,0,13,0,15
ASV_16S_1166,14,0,0,0,0,0,0,15,0,0,0,0
ASV_16S_1167,11,15,0,0,0,0,0,0,0,0,22,0
ASV_16S_1168,0,0,0,0,0,0,0,0,0,14,14,17
ASV_16S_1169,0,0,0,0,0,10,12,0,0,7,0,0
ASV_16S_1170,0,0,0,0,0,0,50,0,0,0,0,0
ASV_16S_1171,0,0,0,0,0,0,0,0,0,0,0,0
ASV_16S_1172,0,0,11,31,68,0,0,0,0,0,0,0
ASV_16S_1173,0,0,0,0,0,0,0,28,0,20,0,0
ASV_16S_1174,0,19,0,0,0,0,0,0,0,30,15,0
ASV_16S_1175,8,13,0,0,0,0,0,0,0,7,0,8
ASV_16S_1176,0,0,0,0,0,10,9,0,0,10,0,12
ASV_16S_1177,0,0,0,0,0,0,0,27,0,0,0,0
ASV_16S_1178,29,12,0,0,0,0,0,0,21,0,0,0
ASV_16S_1179,0,8,0,4,0,0,0,0,0,0,0,0
ASV_16S_1180,0,0,0,0,0,14,0,0,0,0,0,15
ASV_16S_1181,0,0,0,0,0,0,0,0,0,0,0,25
ASV_16S_1182,0,14,0,0,0,0,0,0,0,0,0,9
ASV_16S_1183,0,0,0,0,0,0,0,0,0,0,0,0
ASV_16S_1184,0,0,0,0,0,0,0,44,0,0,0,0
ASV_16S_1185,0,0,0,0,0,0,0,0,0,0,0,0
ASV_16S_1186,0,0,0,0,0,23,26,0,0,0,0,0
ASV_16S_1187,9,0,0,0,0,9,0,0,0,7,10,0
ASV_16S_1188,14,14,0,0,0,0,0,0,0,0,0,0
ASV_16S_1189,0,0,0,0,0,0,0,0,6,0,0,6
ASV_16S_1190,0,22,0,0,0,0,0,26,0,0,0,0
ASV_16S_1191,0,0,0,0,0,0,0,0,0,0,0,0
ASV_16S_1192,0,0,43,0,0,0,0,0,0,0,0,0
ASV_16S_1193,0,0,0,0,0,0,0,0,0,0,0,24
ASV_16S_1194,0,0,0,0,0,0,0,0,0,0,0,0
ASV_16S_1195,18,0,0,0,0,0,26,0,0,21,0,25
ASV_16S_1196,10,0,0,0,0,7,0,0,0,0,5,4
ASV_16S_1197,0,0,0,0,38,0,0,18,0,0,0,0
ASV_16S_1198,0,0,0,0,0,0,24,0,0,0,0,0
ASV_16S_1199,0,0,0,0,0,8,12,0,0,0,11,0
ASV_16S_1200,10,0,0,0,0,0,18,17,0,0,0,0
ASV_16S_1201,0,0,0,0,0,0,0,0,0,12,0,0
ASV_16S_1202,0,0,0,10,0,0,0,0,0,0,0,11
ASV_16S_1203,0,0,0,0,11,0,0,0,0,0,0,0
ASV_16S_1204,0,0,36,38,42,0,0,0,0,0,0,0
ASV_16S_1205,0,0,0,0,0,0,24,0,0,0,0,24
ASV_16S_1206,0,0,0,0,0,0,0,0,0,0,0,0
ASV_16S_1207,0,0,0,0,0,0,21,0,0,0,0,0
ASV_16S_1208,0,0,0,0,0,0,0,0,0,0,0,0
ASV_16S_1209,0,0,0,0,0,0,0,0,0,0,0,0
ASV_16S_1210,0,0,0,0,0,31,0,0,0,0,0,0
ASV_16S_1211,0,0,0,0,0,0,0,0,0,16,0,0
ASV_16S_1212,0,0,0,0,0,0,0,0,0,0,0,0
ASV_16S_1213,0,0,0,0,0,0,0,0,0,0,0,0
ASV_16S_1214,0,0,0,0,0,13,0,11,7,0,0,0
ASV_16S_1215,0,0,0,0,0,31,0,41,0,0,0,0
ASV_16S_1216,0,0,0,0,0,13,0,0,9,0,12,19
ASV_16S_1217,0,0,0,0,0,42,0,0,0,0,40,0
ASV_16S_1218,0,0,0,0,0,0,0,0,0,0,0,0
ASV_16S_1219,16,0,0,0,0,19,22,9,0,0,0,12
ASV_16S_1220,0,16,0,0,0,0,0,14,0,0,0,0
ASV_16S_1221,0,0,0,0,0,0,0,0,0,0,0,0
ASV_16S_1222,0,0,0,0,0,0,0,0,36,0,0,0
ASV_16S_1223,0,0,0,0,0,0,0,0,0,0,0,0
ASV_16S_1224,0,15,0,0,0,0,0,0,0,12,20,0
ASV_16S_1225,6,0,0,0,0,0,11,8,0,0,0,3
ASV_16S_1226,0,0,25,29,20,0,0,0,0,0,0,0
ASV_16S_1227,0,0,0,0,0,0,0,0,0,0,0,0
ASV_16S_1228,0,39,0,0,0,0,0,0,0,0,0,0
ASV_16S_1229,0,0,0,0,0,0,13,0,0,0,0,5
ASV_16S_1230,7,0,0,0,0,0,13,0,0,0,0,0
ASV_16S_1231,0,0,0,0,0,0,0,0,0,19,0,0
ASV_16S_1232,0,0,0,0,0,0,0,15,0,6,0,0
ASV_16S_1233,0,0,0,0,0,17,0,20,0,0,16,0
ASV_16S_1234,0,18,0,0,0,0,0,0,0,0,0,26
ASV_16S_1235,0,0,0,0,0,0,0,0,0,0,0,23
ASV_16S_1236,0,0,60,50,0,0,0,0,0,0,0,0
ASV_16S_1237,0,0,0,0,0,0,0,0,0,0,0,0
ASV_16S_1238,0,0,0,0,0,0,0,0,0,0,0,0
ASV_16S_1239,0,0,0,0,0,6,0,11,0,9,0,0
ASV_16S_1240,0,0,0,8,0,0,8,0,9,0,0,10
ASV_16S_1241,0,0,0,0,0,0,0,18,0,14,0,20
ASV_16S_1242,0,0,0,0,0,0,8,0,0,0,0,42
ASV_16S_1243,12,0,0,0,0,21,0,0,0,16,0,0
ASV_16S_1244,0,0,0,0,0,0,0,23,0,0,0,0
ASV_16S_1245,6,0,0,0,0,0,0,0,0,0,0,0
ASV_16S_1246,0,0,0,0,0,9,0,0,0,8,0,0
ASV_16S_1247,0,0,0,0,0,16,11,0,0,10,0,0
ASV_16S_1248,0,0,0,14,0,0,35,0,0,0,0,0
ASV_16S_1249,0,0,0,0,0,0,0,0,0,0,0,0
ASV_16S_1250,13,8,0,7,0,0,0,0,0,0,0,11
ASV_16S_1251,11,0,0,0,0,0,4,0,8,0,0,0
ASV_16S_1252,0,0,0,0,0,0,0,0,0,0,0,0
ASV_16S_1253,0,0,0,0,0,0,0,0,0,0,11,0
ASV_16S_1254,0,0,21,16,0,0,0,0,0,0,0,0
ASV_16S_1255,0,0,0,0,0,0,0,0,0,0,0,44
ASV_16S_1256,0,0,0,0,0,18,0,0,0,0,20,12
ASV_16S_1257,0,0,0,0,0,0,0,0,0,0,0,0
ASV_16S_1258,0,13,0,0,0,0,0,15,0,0,0,0
ASV_16S_1259,0,0,0,0,0,0,0,0,0,0,0,0
ASV_16S_1260,0,0,37,21,46,0,0,0,0,0,0,0
ASV_16S_1261,0,0,26,44,34,0,0,0,0,0,0,0
ASV_16S_1262,0,0,0,18,0,0,0,0,0,0,0,0
ASV_16S_1263,0,0,0,0,0,7,0,0,4,0,10,8
ASV_16S_1264,20,0,0,0,0,0,0,11,0,0,11,7
ASV_16S_1265,0,0,0,0,0,0,0,0,0,0,0,0
ASV_16S_1266,0,0,0,0,0,0,19,0,0,0,0,0
ASV_16S_1267,0,0,0,0,0,0,0,0,0,0,0,0
ASV_16S_1268,0,0,0,0,0,0,0,0,0,0,0,0
ASV_16S_1269,0,0,0,0,0,0,0,0,0,0,14,12
ASV_16S_1270,8,0,0,0,0,0,11,0,0,0,0,0
ASV_16S_1271,0,0,0,0,0,5,0,0,0,0,8,7
ASV_16S_1272,0,10,0,0,0,0,0,0,7,0,0,5
ASV_16S_1273,0,13,0,0,0,8,0,11,0,0,0,0
ASV_16S_1274,0,0,0,0,0,22,0,0,0,0,18,0
ASV_16S_1275,0,0,4,0,0,13,13,0,0,0,0,0
ASV_16S_1276,0,0,0,32,70,0,0,0,0,0,0,0
ASV_16S_1277,0,0,0,0,0,6,0,0,0,0,0,0
ASV_16S_1278,0,0,0,0,0,0,0,0,0,0,0,0
ASV_16S_1279,0,0,0,10,9,0,0,0,0,0,0,0
ASV_16S_1280,0,0,0,0,0,14,12,0,0,0,0,0
ASV_16S_1281,0,0,0,0,0,31,0,0,0,0,0,0
ASV_16S_1282,0,13,0,0,0,0,0,0,0,0,0,0
ASV_16S_1283,0,0,0,0,39,0,0,0,0,0,20,0
ASV_16S_1284,0,0,0,0,0,0,9,0,0,0,0,0
ASV_16S_1285,0,0,0,0,0,0,0,0,0,0,0,0
ASV_16S_1286,20,0,0,0,0,0,0,0,0,0,0,0
ASV_16S_1287,17,0,0,0,0,0,0,0,0,0,13,0
ASV_16S_1288,12,0,4,0,0,0,8,0,0,0,0,5
ASV_16S_1289,0,15,0,0,0,0,0,0,0,0,0,21
ASV_16S_1290,0,0,0,0,0,0,0,0,0,0,0,0
ASV_16S_1291,0,0,0,0,0,0,0,0,0,0,0,0
ASV_16S_1292,0,6,0,0,0,0,0,0,11,0,0,0
ASV_16S_1293,0,0,0,0,0,12,20,0,0,0,0,15
ASV_16S_1294,0,0,0,0,0,0,0,0,0,0,0,13
ASV_16S_1295,0,0,0,0,0,0,20,0,0,0,0,0
ASV_16S_1296,0,0,0,0,0,0,0,0,0,0,0,0
ASV_16S_1297,0,0,0,0,0,16,0,0,0,0,0,19
ASV_16S_1298,0,0,0,0,0,0,42,0,0,0,0,0
ASV_16S_1299,0,0,20,29,49,0,0,0,0,0,0,0
ASV_16S_1300,0,0,0,0,0,0,0,0,0,16,0,0
ASV_16S_1301,0,7,5,0,0,0,0,3,0,6,0,9
ASV_16S_1302,0,0,31,20,0,0,0,0,0,0,0,0
ASV_16S_1303,0,0,0,0,6,0,0,0,0,0,0,0
ASV_16S_1304,0,0,0,0,0,0,0,0,0,0,0,0
ASV_16S_1305,0,0,0,0,0,4,9,8,0,0,0,0
ASV_16S_1306,23,0,0,0,0,0,0,0,0,0,0,19
ASV_16S_1307,9,5,5,8,0,0,0,0,11,8,0,0
ASV_16S_1308,0,0,0,0,0,13,10,0,0,0,14,15
ASV_16S_1309,0,13,0,0,0,11,0,0,0,0,0,0
ASV_16S_1310,0,0,0,0,0,0,0,0,0,0,14,12
ASV_16S_1311,0,0,0,0,0,0,0,0,0,0,0,0
ASV_16S_1312,10,7,0,0,0,0,0,7,0,0,7,0
ASV_16S_1313,3,0,18,0,15,0,0,0,0,0,0,0
ASV_16S_1314,0,0,0,0,51,0,11,0,0,6,0,0
ASV_16S_1315,0,0,0,0,8,0,16,0,0,0,0,11
ASV_16S_1316,0,0,0,0,0,0,0,0,0,0,14,0
ASV_16S_1317,0,0,0,0,0,0,0,0,0,0,0,0
ASV_16S_1318,0,0,0,0,0,0,0,26,0,0,0,0
ASV_16S_1319,0,0,0,0,0,0,0,0,0,0,0,0
ASV_16S_1320,0,0,0,0,0,0,0,0,0,0,0,0
ASV_16S_1321,26,0,0,0,0,0,0,9,0,11,0,0
ASV_16S_1322,0,26,0,0,0,0,0,0,0,0,0,23
ASV_16S_1323,0,0,0,0,0,8,0,0,0,7,7,5
ASV_16S_1324,0,0,0,0,0,0,0,0,0,4,10,0
ASV_16S_1325,8,0,0,0,0,5,0,0,0,8,12,0
ASV_16S_1326,22,0,0,0,0,0,0,0,0,0,0,0
ASV_16S_1327,0,0,0,0,0,0,0,0,0,10,0,0
ASV_16S_1328,0,0,0,0,0,0,35,0,0,0,0,0
ASV_16S_1329,0,0,6,0,0,0,0,0,0,0,0,0
ASV_16S_1330,0,0,0,0,0,0,0,0,0,0,0,0
ASV_16S_1331,0,0,0,0,0,0,0,0,0,0,0,0
ASV_16S_1332,0,0,0,0,0,0,7,7,0,0,9,0
ASV_16S_1333,0,0,0,0,0,0,0,0,0,0,0,0
ASV_16S_1334,0,0,0,0,0,0,0,0,0,0,0,0
ASV_16S_1335,4,5,0,0,0,9,0,0,0,0,8,0
ASV_16S_1336,0,0,0,0,0,9,0,0,5,0,0,0
ASV_16S_1337,0,0,0,0,0,16,0,0,0,0,19,0
ASV_16S_1338,0,0,0,0,0,0,0,0,0,0,17,16
ASV_16S_1339,0,0,0,0,0,0,0,0,0,0,0,0
ASV_16S_1340,0,0,0,0,0,0,0,0,6,0,0,0
ASV_16S_1341,5,10,0,4,3,5,0,0,0,6,0,7
ASV_16S_1342,13,0,0,0,0,15,0,0,0,14,0,0
ASV_16S_1343,0,0,0,0,0,0,0,0,0,0,0,13
ASV_16S_1344,0,0,16,19,34,0,0,0,0,0,0,0
ASV_16S_1345,0,0,0,0,0,0,0,0,0,0,0,19
ASV_16S_1346,0,0,0,0,0,0,0,0,0,0,0,0
ASV_16S_1347,0,0,0,0,0,0,0,0,0,0,0,0
ASV_16S_1348,0,0,0,0,0,0,0,0,0,0,0,0
ASV_16S_1349,0,14,0,0,0,11,16,0,0,15,0,21
ASV_16S_1350,16,0,0,0,0,14,19,21,0,0,0,0
ASV_16S_1351,13,5,0,0,0,7,0,9,0,0,0,0
ASV_16S_1352,0,0,0,0,0,0,0,0,0,27,37,0
ASV_16S_1353,0,0,0,0,0,0,12,0,0,0,15,8
ASV_16S_1354,0,0,43,0,8,0,0,0,0,0,0,0
ASV_16S_1355,0,0,34,0,0,0,0,0,0,0,0,0
ASV_16S_1356,15,0,0,0,0,0,0,0,0,0,17,16
ASV_16S_1357,14,0,0,0,0,0,0,0,0,0,0,0
ASV_16S_1358,0,0,0,0,0,0,10,6,0,6,0,7
ASV_16S_1359,0,0,0,0,0,0,0,0,0,0,0,0
ASV_16S_1360,19,0,0,0,0,22,0,0,0,0,0,12
ASV_16S_1361,7,0,0,0,0,9,9,0,0,0,11,0
ASV_16S_1362,0,0,0,19,0,0,0,0,0,0,0,0
ASV_16S_1363,0,0,0,4,0,0,9,7,6,8,0,0
ASV_16S_1364,0,0,0,0,0,0,0,0,0,0,0,0
ASV_16S_1365,0,0,0,0,0,0,0,0,0,0,0,0
ASV_16S_1366,0,0,0,0,0,31,0,0,0,0,0,0
ASV_16S_1367,5,0,0,5,0,0,0,8,8,0,0,5
ASV_16S_1368,0,0,0,0,0,0,0,0,0,0,9,0
ASV_16S_1369,0,0,0,0,0,0,0,5,7,0,21,0
ASV_16S_1370,0,0,41,45,0,0,0,0,0,0,0,0
ASV_16S_1371,0,0,6,0,0,0,0,0,0,0,0,0
ASV_16S_1372,0,0,0,39,0,0,0,0,0,0,0,0
ASV_16S_1373,0,0,0,0,0,0,0,23,13,0,0,0
ASV_16S_1374,6,5,0,0,0,9,0,0,0,6,0,8
ASV_16S_1375,7,0,0,0,0,0,10,0,4,6,0,0
ASV_16S_1376,0,0,0,0,0,19,0,0,0,0,0,0
ASV_16S_1377,0,0,0,0,0,0,0,0,0,0,0,0
ASV_16S_1378,0,0,0,0,0,0,0,0,0,0,0,0
ASV_16S_1379,0,0,0,0,0,0,0,0,0,0,0,12
ASV_16S_1380,0,0,0,0,0,0,0,0,0,0,0,15
ASV_16S_1381,0,0,0,0,4,0,0,0,0,0,0,0
ASV_16S_1382,0,5,0,0,0,8,7,11,0,6,0,0
ASV_16S_1383,0,0,0,0,0,0,0,0,0,0,0,0
ASV_16S_1384,0,0,84,0,0,0,0,0,0,0,0,0
ASV_16S_1385,0,0,15,0,0,0,0,0,0,0,0,0
ASV_16S_1386,0,0,0,0,0,0,0,0,0,0,0,53
ASV_16S_1387,0,0,17,66,0,0,0,0,0,0,0,0
ASV_16S_1388,0,0,0,0,0,0,0,0,0,0,0,21
ASV_16S_1389,0,0,0,83,0,0,0,0,0,0,0,0
ASV_16S_1390,0,0,0,0,0,0,0,0,0,0,0,0
ASV_16S_1391,0,0,0,0,0,0,0,6,0,0,0,0
ASV_16S_1392,13,8,0,0,0,0,0,6,0,0,0,0
ASV_16S_1393,0,0,0,0,0,0,0,13,0,0,0,0
ASV_16S_1394,0,0,0,0,0,0,0,0,0,0,0,0
ASV_16S_1395,0,0,0,0,0,0,0,0,0,0,0,0
ASV_16S_1396,0,13,0,0,0,7,9,0,0,0,8,0
ASV_16S_1397,0,0,0,0,0,0,0,0,0,0,0,0
ASV_16S_1398,0,0,0,0,0,0,0,0,0,0,0,0
ASV_16S_1399,7,0,0,0,5,0,0,11,0,9,10,8
ASV_16S_1400,0,0,0,0,0,0,0,0,0,0,52,0
ASV_16S_1401,0,10,0,7,7,0,7,0,0,0,9,0
ASV_16S_1402,0,0,0,0,0,0,0,0,0,0,0,0
ASV_16S_1403,0,0,0,0,0,0,19,0,0,0,14,0
ASV_16S_1404,0,0,0,0,0,0,0,0,0,0,0,0
ASV_16S_1405,0,0,0,0,11,0,0,0,0,0,19,22
ASV_16S_1406,0,0,0,0,0,0,0,0,0,0,0,20
ASV_16S_1407,0,0,0,0,0,0,0,0,0,0,0,0
ASV_16S_1408,0,0,0,0,0,0,0,11,0,0,0,0
ASV_16S_1409,0,0,0,0,0,0,0,0,0,0,0,0
ASV_16S_1410,0,0,0,0,0,0,0,0,0,0,0,0
ASV_16S_1411,0,0,0,0,0,16,0,0,0,0,0,0
ASV_16S_1412,17,0,0,0,0,0,0,0,0,0,21,22
ASV_16S_1413,9,8,0,0,0,0,0,0,0,0,0,9
ASV_16S_1414,0,0,0,0,0,0,0,0,0,0,28,0
ASV_16S_1415,0,0,0,0,0,0,0,0,0,0,0,0
ASV_16S_1416,0,0,0,40,39,0,0,0,0,0,0,0
ASV_16S_1417,0,0,0,0,0,0,0,0,0,0,0,0
ASV_16S_1418,0,0,0,0,0,0,0,0,0,0,0,0
ASV_16S_1419,12,0,0,0,0,0,0,0,0,9,0,0
ASV_16S_1420,18,0,0,0,0,0,0,0,0,0,0,17
ASV_16S_1421,0,0,0,0,0,0,0,0,0,0,15,0
ASV_16S_1422,0,0,0,0,0,0,0,0,0,0,0,15
ASV_16S_1423,0,0,51,27,0,0,0,0,0,0,0,0
ASV_16S_1424,0,0,0,0,0,0,28,0,0,0,0,27
ASV_16S_1425,0,0,0,0,0,0,0,0,0,13,0,0
ASV_16S_1426,15,0,0,0,0,0,0,0,0,0,15,0
ASV_16S_1427,0,0,0,0,0,0,33,0,0,0,0,0
ASV_16S_1428,0,0,0,0,0,0,0,0,0,0,0,0
ASV_16S_1429,0,0,0,0,0,0,0,0,0,0,0,0
ASV_16S_1430,0,0,0,0,0,4,8,0,0,0,0,7
ASV_16S_1431,0,21,0,0,0,0,0,0,0,0,0,21
ASV_16S_1432,0,0,0,0,0,6,0,0,5,0,10,10
ASV_16S_1433,10,0,0,0,0,10,10,0,0,8,0,0
ASV_16S_1434,10,0,0,0,0,0,0,8,7,0,0,10
ASV_16S_1435,0,0,0,4,0,0,0,11,0,0,0,0
ASV_16S_1436,0,50,0,0,0,0,0,0,0,0,0,0
ASV_16S_1437,0,0,22,0,0,0,0,0,0,0,0,0
ASV_16S_1438,0,0,0,0,0,0,0,0,0,0,0,0
ASV_16S_1439,0,0,4,3,0,2,0,4,0,0,2,4
ASV_16S_1440,44,0,0,0,0,0,0,0,0,0,0,31
ASV_16S_1441,7,2,0,0,0,0,6,0,0,3,0,3
ASV_16S_1442,0,0,0,0,0,12,0,0,0,12,0,0
ASV_16S_1443,0,0,0,0,0,0,0,0,0,0,0,0
ASV_16S_1444,0,0,0,0,0,0,17,0,0,0,15,0
ASV_16S_1445,0,0,0,0,0,0,0,0,0,0,0,18
ASV_16S_1446,0,0,0,0,0,0,0,10,0,0,0,14
ASV_16S_1447,0,0,0,0,0,0,0,0,0,0,0,0
ASV_16S_1448,0,0,0,0,0,0,0,0,0,0,0,0
ASV_16S_1449,0,0,0,0,0,0,10,0,0,14,0,0
ASV_16S_1450,18,0,0,0,0,0,0,0,0,0,0,0
ASV_16S_1451,0,0,0,0,0,0,18,0,0,0,0,0
ASV_16S_1452,0,27,0,0,0,0,0,0,18,0,0,0
ASV_16S_1453,0,18,0,0,0,0,0,0,0,0,0,19
ASV_16S_1454,0,0,0,0,0,0,0,21,0,0,0,0
ASV_16S_1455,0,0,15,33,26,0,0,0,0,0,0,0
ASV_16S_1456,0,0,0,0,0,0,0,0,0,0,0,0
ASV_16S_1457,0,0,0,0,0,0,0,0,0,0,0,0
ASV_16S_1458,0,0,0,0,0,0,0,16,0,0,0,0
ASV_16S_1459,0,0,0,4,0,0,8,6,0,0,9,0
ASV_16S_1460,13,0,0,0,0,0,15,10,0,0,0,0
ASV_16S_1461,0,0,0,0,0,0,0,0,0,0,0,0
ASV_16S_1462,0,0,0,0,0,0,14,0,0,0,11,0
ASV_16S_1463,0,0,0,0,0,0,0,0,0,0,26,0
ASV_16S_1464,0,0,0,0,0,0,0,0,0,0,0,0
ASV_16S_1465,0,0,41,0,0,0,0,0,0,0,0,0
ASV_16S_1466,0,0,16,29,28,0,0,0,0,0,0,0
ASV_16S_1467,0,0,0,0,0,0,0,0,0,0,0,40
ASV_16S_1468,0,0,0,0,0,0,0,0,0,0,0,0
ASV_16S_1469,0,0,0,0,0,0,0,19,0,0,0,0
ASV_16S_1470,0,0,0,0,0,0,0,3,0,0,0,0
ASV_16S_1471,0,0,0,0,0,0,0,0,0,0,0,0
ASV_16S_1472,0,0,0,0,0,0,26,0,0,0,0,0
ASV_16S_1473,0,0,0,0,0,0,0,0,0,0,0,0
ASV_16S_1474,0,0,0,0,0,0,0,0,0,0,0,0
ASV_16S_1475,0,0,0,0,0,21,0,0,0,0,0,0
ASV_16S_1476,20,0,0,0,0,15,0,0,0,0,0,0
ASV_16S_1477,0,0,0,0,0,0,0,0,0,0,0,0
ASV_16S_1478,0,0,8,0,0,0,17,0,0,0,0,0
ASV_16S_1479,0,0,0,72,0,0,0,0,0,0,0,0
ASV_16S_1480,0,0,0,0,0,0,0,0,0,0,0,0
ASV_16S_1481,0,0,0,0,0,0,0,0,0,0,0,0
ASV_16S_1482,0,0,0,0,0,0,0,0,0,0,0,0
ASV_16S_1483,0,0,0,0,0,72,0,0,0,0,0,0
ASV_16S_1484,0,0,0,0,0,0,0,0,0,0,0,0
ASV_16S_1485,0,0,0,0,0,0,0,0,5,8,7,0
ASV_16S_1486,8,0,0,0,0,0,9,0,0,0,0,0
ASV_16S_1487,0,0,0,9,7,0,0,0,0,5,8,0
ASV_16S_1488,0,0,0,0,0,0,0,0,0,0,15,0
ASV_16S_1489,0,0,0,0,0,0,0,0,0,0,0,0
ASV_16S_1490,0,0,0,0,0,0,0,0,0,0,0,0
ASV_16S_1491,0,0,0,0,0,0,0,0,0,0,0,0
ASV_16S_1492,0,0,28,0,0,0,0,0,0,0,0,0
ASV_16S_1493,0,0,0,0,0,32,0,0,0,0,0,0
ASV_16S_1494,0,0,0,0,0,0,0,0,0,0,0,0
ASV_16S_1495,0,0,0,0,0,5,0,0,5,0,0,0
ASV_16S_1496,6,0,0,0,0,0,0,0,4,10,0,0
ASV_16S_1497,0,0,0,0,0,0,6,0,0,0,0,8
ASV_16S_1498,0,0,0,0,0,0,4,6,0,8,5,0
ASV_16S_1499,0,3,0,0,0,0,0,0,8,0,0,6
ASV_16S_1500,0,0,0,0,0,0,0,0,0,0,0,0
ASV_16S_1501,0,0,0,0,0,0,13,0,5,0,11,13
ASV_16S_1502,0,0,0,0,0,0,0,0,0,0,0,0
ASV_16S_1503,0,0,0,0,0,0,0,0,0,0,0,0
